Square_Footage,Bedrooms,Bathrooms,Age,Garage_Spaces,Lot_Size,Floors,Neighborhood_Rating,Condition,School_Rating,Has_Pool,Renovated,Location_Type,Distance_To_Center_KM,Days_On_Market,Price,Sold_Within_Week
3974,6,2.0,12,0.0,11043.0,2,1,4,1.0,0,1,Suburban,10.4,6.0,795000,1
4307,2,2.5,44,3.0,9493.0,1,5,6,6.0,1,0,Suburban,3.45,1.0,1024000,1
1660,4,3.0,31,2.0,6103.0,2,5,5,9.0,1,1,Suburban,43.81,136.0,700000,0
2094,4,2.5,33,2.0,4076.0,2,6,1,3.0,0,0,Urban,4.7,5.0,672000,1
1930,3,1.5,44,1.0,7231.0,1,8,6,3.0,0,0,Suburban,13.09,48.0,638000,0
1895,3,2.0,18,2.0,4994.0,1,10,1,2.0,1,0,Downtown,35.07,5.0,705000,1
3892,4,3.5,37,0.0,5744.0,1,1,3,4.0,1,0,Suburban,21.06,144.0,782000,0
2438,4,3.0,15,3.0,12948.0,2,4,10,10.0,1,0,Suburban,43.94,6.0,924000,1
2969,4,2.5,1,2.0,7594.0,2,10,5,3.0,1,0,Downtown,15.6,85.0,1016000,0
1266,5,2.0,39,1.0,9531.0,2,1,10,2.0,0,0,Rural,1.58,5.0,471000,1
2038,4,2.0,16,2.0,9371.0,1,9,5,1.0,0,0,Suburban,15.73,3.0,715000,1
1130,6,2.5,33,2.0,3644.0,2,7,10,3.0,0,1,Suburban,29.33,2.0,633000,1
2282,4,3.0,41,2.0,14563.0,2,7,6,10.0,0,0,Downtown,19.42,6.0,855000,1
2935,4,2.5,15,1.0,5144.0,1,5,10,6.0,0,1,Downtown,27.21,37.0,867000,0
4244,4,3.0,37,1.0,2242.0,2,7,8,9.0,0,0,Downtown,43.95,169.0,1060000,0
3971,2,3.0,1,1.0,6085.0,3,2,5,5.0,0,0,Suburban,45.71,1.0,964000,1
3719,4,1.5,1,1.0,9954.0,1,4,1,3.0,1,1,Suburban,14.03,,928000,1
930,3,2.0,25,3.0,9269.0,2,7,5,5.0,0,0,Urban,23.64,3.0,513000,1
2485,3,1.5,12,0.0,9130.0,1,3,3,5.0,0,0,Suburban,27.91,2.0,648000,1
4180,5,1.5,46,2.0,8828.0,2,2,4,5.0,0,1,Downtown,47.51,2.0,758000,1
1569,3,3.0,30,1.0,10362.0,1,10,8,7.0,0,0,Rural,49.93,5.0,619000,1
3191,3,2.0,33,2.0,10844.0,3,2,7,5.0,1,1,Suburban,12.53,68.0,878000,0
2315,4,2.0,38,2.0,8331.0,2,1,5,7.0,0,0,Suburban,36.62,1.0,610000,1
4285,4,1.5,2,3.0,5512.0,2,5,2,9.0,1,0,Suburban,19.52,30.0,935000,0
3653,3,2.0,7,1.0,3499.0,2,6,6,5.0,0,0,Suburban,1.4,6.0,887000,1
3233,4,1.5,22,2.0,12291.0,2,6,6,2.0,0,0,Suburban,1.45,37.0,832000,0
2015,4,1.5,13,2.0,4158.0,2,9,10,5.0,0,1,Suburban,23.57,74.0,783000,0
1755,2,2.5,26,0.0,12164.0,2,4,10,8.0,0,1,Urban,24.93,2.0,705000,1
3124,1,2.0,28,1.0,14117.0,3,1,6,4.0,1,0,Suburban,2.11,6.0,804000,1
1984,4,2.5,38,2.0,7162.0,2,6,9,2.0,0,0,Urban,34.66,128.0,656000,0
1259,3,1.0,38,2.0,12450.0,3,5,8,10.0,1,1,Downtown,15.41,2.0,634000,1
4185,3,1.5,0,2.0,6039.0,2,10,8,3.0,0,0,Suburban,28.43,2.0,966000,1
821,4,2.0,16,1.0,4035.0,2,6,1,9.0,1,0,Downtown,15.75,69.0,576000,0
3100,3,2.5,40,2.0,13463.0,2,3,5,9.0,0,0,Urban,9.19,64.0,853000,0
1547,3,2.5,29,2.0,9977.0,1,2,7,8.0,1,0,Urban,20.95,7.0,526000,1
3704,3,2.0,12,2.0,2857.0,1,6,6,8.0,0,1,Suburban,12.38,109.0,1037000,0
4432,4,2.0,20,3.0,5823.0,1,1,5,8.0,0,1,Rural,27.21,4.0,958000,1
1274,3,2.5,18,2.0,8770.0,2,7,8,8.0,0,0,Suburban,10.74,66.0,642000,0
1882,4,1.0,18,2.0,,1,7,3,8.0,1,0,Urban,25.91,53.0,748000,0
3358,2,2.0,24,1.0,14182.0,2,10,6,1.0,0,0,Urban,8.71,113.0,881000,0
2847,4,3.0,21,2.0,2298.0,3,7,5,6.0,0,0,Suburban,33.88,7.0,799000,1
4347,3,2.5,30,1.0,9244.0,1,10,8,9.0,1,0,Urban,37.94,2.0,1176000,1
3547,5,2.0,16,2.0,2923.0,2,1,4,8.0,0,1,Suburban,6.41,7.0,802000,1
1775,3,3.5,22,2.0,6232.0,1,4,8,3.0,0,0,Suburban,23.92,6.0,626000,1
2606,6,3.0,31,3.0,6306.0,1,7,10,1.0,0,0,Urban,4.47,177.0,1015000,0
989,4,2.0,9,1.0,4799.0,2,9,2,2.0,0,0,Urban,30.31,36.0,484000,0
3805,3,2.5,9,2.0,8578.0,2,5,9,2.0,1,0,Urban,13.96,4.0,831000,1
3534,4,2.5,35,2.0,6875.0,2,2,9,7.0,1,0,Downtown,26.85,1.0,701000,1
3805,3,2.0,7,1.0,7326.0,1,7,10,6.0,0,1,Suburban,26.36,80.0,1012000,0
1362,3,2.0,19,1.0,14254.0,2,10,10,,1,0,Downtown,46.29,150.0,673000,0
2699,1,2.0,31,1.0,8582.0,1,1,6,8.0,0,1,Urban,27.91,11.0,639000,0
4438,3,2.5,49,1.0,14237.0,1,7,4,9.0,0,0,Rural,29.57,6.0,1044000,1
2067,3,2.0,13,1.0,3802.0,1,6,4,7.0,0,0,Urban,20.68,27.0,536000,0
3679,3,3.0,49,1.0,12905.0,1,7,6,4.0,0,0,Suburban,47.5,120.0,719000,0
2328,5,2.5,27,1.0,14698.0,1,10,5,1.0,0,0,Rural,39.08,30.0,815000,0
4002,2,1.0,45,2.0,13045.0,1,3,6,4.0,1,0,Rural,14.98,5.0,894000,1
4356,3,2.5,23,2.0,4657.0,3,3,7,4.0,1,0,Rural,42.37,7.0,930000,1
1446,3,2.0,14,3.0,14714.0,1,7,7,8.0,0,1,Rural,22.19,1.0,609000,1
2868,2,2.5,21,2.0,5346.0,1,2,9,4.0,0,1,Urban,41.6,2.0,734000,1
3688,3,2.5,29,2.0,11663.0,1,1,8,4.0,1,0,Suburban,41.32,52.0,934000,0
3014,4,1.5,3,3.0,4949.0,2,9,6,2.0,1,0,Suburban,10.25,4.0,993000,1
2097,3,2.0,12,2.0,2941.0,1,9,6,10.0,1,0,Rural,35.36,4.0,732000,1
3235,2,1.5,22,2.0,3907.0,2,7,5,7.0,0,0,Urban,15.24,142.0,859000,0
1400,3,1.0,7,2.0,6837.0,3,7,1,4.0,1,0,Downtown,15.58,2.0,528000,1
3163,1,2.0,17,1.0,10105.0,1,3,9,6.0,0,1,Suburban,15.52,4.0,886000,1
2861,5,2.0,11,1.0,3243.0,2,10,9,3.0,0,0,Suburban,36.55,6.0,913000,1
1041,2,4.0,30,2.0,7696.0,1,2,9,,0,0,Urban,12.26,28.0,384000,0
2841,4,2.0,13,2.0,14615.0,2,7,8,6.0,0,0,Suburban,1.04,133.0,908000,0
3624,6,2.0,33,0.0,3466.0,2,9,10,3.0,0,0,Suburban,36.05,96.0,1013000,0
4217,3,2.5,17,3.0,5957.0,1,1,3,4.0,0,1,Suburban,9.39,24.0,865000,0
3412,5,1.0,33,2.0,3966.0,1,4,1,10.0,0,0,Downtown,6.12,63.0,786000,0
3745,3,3.5,10,2.0,2375.0,2,6,8,5.0,1,0,Suburban,12.64,,885000,1
2163,4,2.5,40,3.0,2262.0,2,7,7,9.0,0,1,Suburban,19.62,2.0,828000,1
2939,3,3.0,11,2.0,6362.0,1,10,5,6.0,0,0,Rural,24.32,1.0,856000,1
2190,4,1.5,48,,8502.0,2,7,10,4.0,0,1,Suburban,3.18,5.0,628000,1
3803,2,2.0,14,2.0,13580.0,2,10,7,7.0,1,0,Suburban,48.56,5.0,1063000,1
2278,2,2.0,30,1.0,13587.0,2,2,10,2.0,0,0,Urban,36.09,1.0,657000,1
4299,2,3.0,48,2.0,12136.0,1,4,4,4.0,0,1,Suburban,16.84,132.0,903000,0
3356,4,1.0,28,2.0,9833.0,2,5,9,,0,0,Suburban,16.62,,1046000,0
1575,4,2.0,25,2.0,3893.0,2,1,10,4.0,1,0,Rural,22.98,142.0,564000,0
834,4,4.0,17,3.0,10106.0,1,1,2,4.0,1,0,Suburban,31.69,6.0,427000,1
3053,1,2.0,31,2.0,13826.0,2,10,9,9.0,0,0,Urban,8.17,2.0,981000,1
3952,5,2.0,21,2.0,3652.0,2,3,9,2.0,0,1,Suburban,10.26,3.0,943000,1
2755,3,1.5,37,3.0,7540.0,3,10,5,6.0,1,1,Urban,43.11,6.0,909000,1
2385,3,4.0,16,2.0,14333.0,1,3,1,8.0,0,1,Suburban,13.56,62.0,697000,0
4259,2,1.0,22,2.0,5892.0,2,8,7,8.0,0,1,Suburban,19.63,71.0,1150000,0
3873,4,2.5,23,3.0,2599.0,1,9,10,7.0,0,0,Suburban,43.69,103.0,962000,0
1821,2,3.0,49,1.0,6815.0,3,1,10,10.0,0,0,Rural,33.49,175.0,479000,0
4261,4,1.5,7,2.0,3912.0,1,2,4,4.0,0,0,Suburban,17.74,6.0,786000,1
3413,4,2.5,40,3.0,11484.0,3,10,9,7.0,0,0,Suburban,34.5,137.0,1284000,0
1929,2,1.0,5,2.0,10792.0,3,2,6,10.0,0,0,Urban,1.96,1.0,685000,1
2300,3,2.0,4,2.0,10572.0,1,4,3,6.0,1,1,Suburban,37.05,57.0,744000,0
1502,3,3.0,43,2.0,6213.0,2,2,6,6.0,0,0,Rural,24.86,118.0,426000,0
3249,3,3.0,28,2.0,5637.0,3,7,10,2.0,1,0,Urban,40.85,144.0,982000,0
3577,3,2.5,27,3.0,12355.0,1,9,6,8.0,0,0,Suburban,47.78,106.0,997000,0
2379,3,2.0,10,1.0,14547.0,2,7,5,8.0,0,1,Suburban,46.36,6.0,823000,1
961,4,1.5,0,1.0,11290.0,2,6,2,7.0,0,1,Urban,45.55,3.0,486000,1
1001,3,1.0,42,1.0,7599.0,1,10,10,9.0,1,1,Urban,26.1,6.0,689000,1
2781,4,1.5,18,2.0,8448.0,1,1,10,8.0,1,0,Urban,18.65,37.0,738000,0
1795,4,1.5,8,2.0,10557.0,1,10,2,9.0,0,1,Downtown,23.79,1.0,731000,1
3117,4,2.0,26,2.0,12762.0,1,9,7,9.0,1,0,Suburban,34.8,31.0,1072000,0
1615,4,2.0,33,2.0,13611.0,2,5,2,6.0,0,1,Suburban,44.32,,502000,0
4142,4,2.0,43,2.0,9382.0,1,5,6,2.0,1,0,Rural,11.14,113.0,1022000,0
1255,3,1.5,3,0.0,12668.0,2,6,5,7.0,1,0,Urban,45.99,2.0,625000,1
4333,3,2.0,35,2.0,10982.0,2,9,4,3.0,1,0,Suburban,40.94,164.0,980000,0
2075,5,3.0,17,2.0,5569.0,1,8,7,7.0,0,1,Urban,48.96,1.0,722000,1
1816,4,2.0,14,0.0,9707.0,2,8,8,9.0,0,0,Urban,44.13,5.0,706000,1
3143,3,3.5,50,1.0,2746.0,2,8,4,,0,1,Rural,14.72,7.0,907000,1
3567,3,3.0,12,1.0,10504.0,3,1,1,10.0,0,0,Urban,6.19,1.0,812000,1
1137,3,1.5,18,0.0,6633.0,1,1,1,2.0,0,0,Rural,6.5,4.0,312000,1
1678,5,3.0,48,2.0,2920.0,1,8,1,6.0,0,0,Suburban,15.27,140.0,709000,0
1876,1,2.5,5,1.0,11269.0,3,5,1,,0,0,Urban,31.1,1.0,562000,1
1591,3,2.5,47,2.0,9008.0,3,9,5,9.0,0,0,Suburban,40.41,4.0,563000,1
3064,3,2.0,11,2.0,13021.0,2,2,4,9.0,0,0,Suburban,45.06,6.0,827000,1
1563,3,2.0,50,2.0,4381.0,2,9,9,5.0,0,1,Suburban,31.56,2.0,787000,1
3035,5,2.0,36,3.0,5618.0,1,8,3,5.0,1,0,Urban,1.28,119.0,943000,0
1179,2,2.0,16,2.0,10989.0,2,9,7,9.0,0,1,Urban,10.13,175.0,640000,0
1292,4,2.5,22,2.0,6443.0,1,4,8,8.0,0,0,Downtown,5.89,53.0,569000,0
3912,2,2.5,25,3.0,2272.0,1,1,6,7.0,1,1,Suburban,18.8,2.0,784000,1
1980,4,2.0,28,1.0,13202.0,2,1,10,8.0,0,0,Urban,25.57,19.0,658000,0
2862,2,2.5,32,3.0,3773.0,1,5,1,6.0,0,0,Rural,3.13,1.0,618000,1
864,1,1.5,26,0.0,4547.0,2,2,8,3.0,0,0,Urban,18.08,71.0,303000,0
3368,4,1.5,24,2.0,5164.0,3,8,10,7.0,0,0,Urban,9.78,15.0,903000,0
2167,6,3.0,9,0.0,6780.0,1,10,3,8.0,1,1,Urban,32.71,16.0,874000,0
1952,5,2.0,46,2.0,14909.0,3,5,8,8.0,0,0,Suburban,23.75,6.0,701000,1
2827,4,1.0,22,2.0,2946.0,3,5,4,1.0,0,0,Urban,25.27,85.0,723000,0
3495,5,1.5,20,2.0,12857.0,2,2,8,7.0,0,1,Suburban,21.96,148.0,918000,0
2295,1,1.5,20,1.0,2506.0,1,7,1,3.0,0,0,Rural,47.84,9.0,501000,0
3934,6,3.5,42,1.0,8719.0,1,8,3,2.0,1,1,Urban,11.52,6.0,1102000,1
1962,3,2.5,12,0.0,10435.0,2,10,6,2.0,0,0,Suburban,26.32,138.0,730000,0
2322,4,3.5,36,1.0,10697.0,1,1,9,8.0,0,1,Suburban,37.06,141.0,592000,0
3440,4,2.5,32,3.0,14709.0,1,2,2,9.0,0,0,Suburban,28.29,94.0,1004000,0
1191,4,2.0,23,1.0,13350.0,3,10,1,3.0,0,0,Downtown,46.52,12.0,626000,0
2498,3,2.0,43,2.0,8360.0,1,4,10,3.0,0,0,Suburban,19.52,4.0,670000,1
1218,3,2.5,10,2.0,9657.0,2,5,3,6.0,1,1,Urban,23.72,6.0,691000,1
3136,4,1.5,16,1.0,5590.0,1,2,4,10.0,1,0,Suburban,5.34,178.0,932000,0
1178,3,3.0,3,2.0,12064.0,2,1,5,1.0,1,0,Urban,30.84,154.0,464000,0
2596,6,3.0,46,0.0,13985.0,3,9,3,6.0,1,1,Suburban,15.12,21.0,946000,0
4361,4,2.0,24,1.0,3192.0,1,1,10,3.0,0,1,Urban,8.86,156.0,832000,0
3078,2,3.5,29,0.0,14617.0,1,4,2,4.0,0,1,Urban,27.68,5.0,722000,1
3865,4,3.0,8,2.0,14937.0,2,2,2,9.0,1,1,Suburban,27.08,50.0,969000,0
2888,3,2.5,20,2.0,3464.0,2,4,7,3.0,1,0,Urban,4.72,35.0,804000,0
3899,4,1.5,19,2.0,2390.0,2,8,9,1.0,1,0,Suburban,35.21,156.0,1048000,0
2982,4,2.0,18,2.0,7615.0,1,8,10,3.0,0,1,Urban,31.56,171.0,971000,0
1000,2,2.0,18,1.0,14668.0,1,9,2,7.0,0,1,Downtown,10.26,1.0,620000,1
2663,3,1.5,11,2.0,,3,5,7,7.0,1,0,Urban,24.0,7.0,757000,1
1579,5,1.0,36,2.0,8106.0,3,7,7,5.0,1,0,Downtown,36.3,24.0,615000,0
3777,3,3.0,41,0.0,10864.0,2,3,7,1.0,1,1,Suburban,26.94,2.0,814000,1
3904,4,1.5,16,1.0,4560.0,2,10,3,8.0,0,0,Rural,20.38,90.0,1007000,0
3919,3,2.5,36,2.0,,2,4,7,10.0,0,0,Urban,16.79,52.0,1051000,0
1302,3,3.5,47,1.0,3211.0,2,10,1,8.0,0,0,Suburban,30.91,2.0,505000,1
3254,3,3.0,38,2.0,11121.0,1,9,10,10.0,1,0,Suburban,47.02,146.0,979000,0
4445,3,2.0,27,1.0,3539.0,2,10,1,10.0,0,1,Suburban,33.92,4.0,1204000,1
2551,3,3.0,40,1.0,11104.0,2,10,5,10.0,0,0,Suburban,4.66,7.0,858000,1
1604,4,1.0,34,1.0,2643.0,1,1,2,2.0,1,1,Suburban,23.57,3.0,431000,1
2946,2,1.0,46,1.0,14714.0,2,2,9,10.0,0,0,Suburban,44.65,2.0,704000,1
3531,2,2.5,47,2.0,10693.0,2,5,7,3.0,1,0,Urban,5.63,6.0,914000,1
2695,1,2.0,17,2.0,10921.0,2,3,4,4.0,0,1,Urban,49.45,166.0,655000,0
3573,2,2.0,13,2.0,3283.0,2,2,4,1.0,1,0,Suburban,47.5,119.0,792000,0
2370,3,2.5,34,3.0,9680.0,3,1,2,4.0,0,0,Urban,4.84,42.0,512000,0
1760,4,1.5,43,2.0,12310.0,1,10,5,5.0,1,0,Urban,46.74,7.0,696000,1
3460,4,1.5,40,2.0,9345.0,2,3,4,3.0,1,0,Urban,18.79,107.0,833000,0
2285,2,2.0,6,1.0,14744.0,2,1,1,10.0,0,0,Urban,42.39,3.0,615000,1
3490,5,3.0,40,2.0,6386.0,2,1,8,2.0,0,1,Suburban,21.5,2.0,926000,1
1828,4,2.5,12,2.0,14028.0,1,1,3,6.0,0,1,Suburban,22.6,,559000,1
4089,3,2.0,17,1.0,2919.0,1,8,6,8.0,0,1,Downtown,32.08,96.0,1181000,0
1302,5,2.0,36,2.0,14242.0,2,3,4,7.0,1,0,Suburban,38.95,22.0,512000,0
3614,6,1.5,12,1.0,4339.0,2,1,9,,0,0,Downtown,2.66,172.0,934000,0
1197,3,1.0,35,2.0,10947.0,2,7,7,4.0,0,0,Suburban,30.06,4.0,601000,1
1670,3,3.0,30,3.0,7930.0,2,10,9,3.0,0,0,Downtown,10.15,157.0,700000,0
3642,5,2.0,1,3.0,7402.0,2,3,10,6.0,1,0,Rural,17.95,5.0,1042000,1
1192,4,1.5,15,2.0,7663.0,2,8,3,9.0,1,0,Suburban,18.05,1.0,658000,1
1006,1,2.5,8,2.0,12061.0,2,4,1,9.0,0,1,Suburban,23.98,4.0,534000,1
1838,4,2.5,8,2.0,14664.0,1,4,5,7.0,0,0,Urban,17.37,1.0,656000,1
2681,4,2.5,37,2.0,7275.0,2,5,3,9.0,0,0,Urban,6.26,105.0,740000,0
4425,4,1.5,10,1.0,2507.0,2,6,6,8.0,0,1,Downtown,8.14,97.0,1234000,0
3739,4,1.5,21,2.0,3436.0,1,7,8,5.0,0,0,Downtown,2.64,,962000,1
2284,4,1.5,32,2.0,12767.0,1,4,4,9.0,0,1,Suburban,24.04,101.0,768000,0
4446,2,1.5,35,3.0,13618.0,1,8,5,7.0,0,1,Rural,47.77,7.0,1069000,1
1663,3,2.5,44,2.0,10750.0,3,6,5,5.0,0,1,Downtown,6.67,101.0,771000,0
3590,4,3.0,22,2.0,,1,1,4,8.0,0,0,Suburban,47.37,5.0,732000,1
4112,5,2.5,44,2.0,13294.0,2,1,4,7.0,0,1,Suburban,36.93,1.0,851000,1
1363,3,3.0,44,2.0,6516.0,2,9,4,9.0,0,0,Suburban,32.24,159.0,722000,0
1820,4,2.0,33,2.0,5622.0,2,10,4,10.0,1,1,Suburban,32.62,3.0,772000,1
895,4,2.5,8,1.0,6399.0,2,6,4,1.0,1,0,Urban,41.51,7.0,564000,1
2723,3,2.0,23,2.0,7037.0,1,10,5,9.0,0,0,Suburban,6.24,5.0,979000,1
2557,4,2.0,7,2.0,14249.0,2,8,2,7.0,0,0,Suburban,25.73,108.0,835000,0
3332,5,2.0,6,2.0,10111.0,2,7,2,1.0,1,0,Suburban,35.16,176.0,748000,0
4278,4,1.5,35,1.0,5715.0,2,6,9,1.0,1,1,Rural,29.75,82.0,1027000,0
3078,3,2.0,17,2.0,9837.0,1,4,2,5.0,0,1,Suburban,41.81,45.0,765000,0
3596,3,3.5,2,2.0,3301.0,2,7,6,8.0,0,1,Urban,4.54,90.0,1155000,0
2478,4,1.5,27,0.0,9370.0,2,9,2,9.0,0,0,Rural,34.84,6.0,890000,1
4042,3,1.5,5,2.0,7185.0,2,10,5,6.0,0,1,Suburban,27.17,2.0,1042000,1
1340,3,2.0,43,2.0,4155.0,2,10,4,10.0,0,0,Urban,19.58,63.0,699000,0
1859,3,3.0,43,2.0,8411.0,2,7,7,8.0,0,1,Suburban,17.67,3.0,785000,1
3372,2,2.5,20,3.0,8365.0,3,1,7,6.0,0,1,Suburban,31.42,1.0,913000,1
1983,3,2.5,27,2.0,2692.0,2,10,6,6.0,0,0,Downtown,44.66,159.0,765000,0
2522,3,1.5,39,2.0,14542.0,2,9,10,4.0,0,1,Suburban,25.31,6.0,715000,1
4114,3,2.5,0,2.0,3478.0,1,4,5,5.0,0,0,Urban,41.41,80.0,899000,0
3957,3,2.0,35,1.0,8396.0,1,3,1,2.0,0,0,Suburban,20.71,3.0,679000,1
2619,4,3.0,20,1.0,10448.0,1,4,3,3.0,0,0,Rural,6.02,,680000,0
3425,4,2.5,42,2.0,12622.0,1,4,9,3.0,0,0,Suburban,4.01,80.0,954000,0
3529,2,1.5,34,1.0,2441.0,1,10,1,5.0,1,1,Rural,3.52,7.0,964000,1
3404,5,1.0,12,2.0,12073.0,2,2,5,5.0,0,0,Urban,19.63,1.0,926000,1
2397,3,1.0,48,3.0,4646.0,1,1,2,6.0,1,0,Rural,17.52,70.0,572000,0
3860,4,2.0,9,2.0,7209.0,2,10,4,5.0,1,0,Rural,36.18,26.0,944000,0
3493,4,2.0,43,2.0,14012.0,1,1,1,6.0,0,1,Suburban,37.4,120.0,557000,0
1595,6,2.5,46,3.0,8533.0,1,8,3,8.0,0,1,Suburban,3.49,70.0,739000,0
1851,4,2.0,9,2.0,6677.0,1,2,10,2.0,0,1,Rural,11.84,5.0,607000,1
2443,4,2.0,45,2.0,9211.0,1,10,7,4.0,1,1,Suburban,14.44,1.0,800000,1
4427,4,1.5,12,1.0,11927.0,2,5,10,6.0,1,0,Rural,27.83,169.0,924000,0
2163,2,1.5,36,2.0,13927.0,2,4,3,5.0,1,0,Suburban,8.08,152.0,607000,0
2781,3,3.0,37,2.0,4645.0,1,8,4,1.0,0,0,Urban,7.56,1.0,747000,1
2154,4,1.5,23,2.0,10210.0,2,2,2,9.0,0,0,Suburban,47.25,88.0,621000,0
2463,3,2.5,1,2.0,11316.0,2,10,3,3.0,0,1,Suburban,40.41,6.0,879000,1
2329,4,3.0,21,0.0,14177.0,2,9,9,2.0,0,0,Suburban,9.85,72.0,970000,0
2838,2,2.5,16,2.0,12846.0,2,7,3,9.0,0,1,Suburban,20.92,3.0,791000,1
4219,3,3.0,35,2.0,9933.0,2,7,5,7.0,0,0,Suburban,18.43,64.0,1136000,0
2296,3,2.0,13,2.0,7476.0,2,1,2,5.0,1,0,Rural,39.76,145.0,584000,0
4102,3,3.5,9,3.0,9928.0,2,2,4,6.0,0,0,Urban,26.0,44.0,1006000,0
3037,4,1.5,34,2.0,4080.0,1,4,7,,0,1,Suburban,7.26,5.0,749000,1
4096,3,1.5,24,3.0,8089.0,2,4,7,1.0,0,1,Rural,37.21,76.0,1044000,0
2208,3,2.5,2,3.0,9396.0,3,3,3,4.0,1,1,Suburban,20.45,4.0,758000,1
2200,3,3.5,46,2.0,11739.0,2,7,5,9.0,1,0,Suburban,13.88,4.0,741000,1
2106,3,3.0,37,2.0,9797.0,2,8,1,1.0,0,1,Suburban,19.4,171.0,688000,0
3480,4,1.0,16,0.0,2861.0,2,2,10,10.0,0,0,Suburban,25.39,,799000,0
3475,1,2.0,11,2.0,10346.0,1,4,10,3.0,0,0,Urban,17.81,1.0,899000,1
1772,4,3.5,23,2.0,5494.0,2,3,10,5.0,1,1,Suburban,12.85,5.0,616000,1
2568,4,2.0,28,1.0,2904.0,2,2,1,7.0,0,0,Downtown,20.53,22.0,585000,0
2082,4,3.0,42,1.0,3269.0,2,6,5,9.0,0,1,Suburban,1.94,151.0,740000,0
4230,4,3.0,24,3.0,2404.0,2,4,10,6.0,0,0,Urban,38.85,84.0,1009000,0
1509,4,2.0,35,3.0,11035.0,2,6,9,3.0,0,0,Rural,9.38,2.0,746000,1
2279,6,2.0,25,2.0,11974.0,1,2,1,7.0,1,1,Suburban,3.15,4.0,766000,1
2234,3,2.0,37,2.0,11756.0,2,4,1,4.0,0,0,Urban,33.03,3.0,586000,1
1448,3,1.5,0,0.0,3184.0,2,6,4,3.0,0,1,Rural,38.92,7.0,543000,1
1117,3,3.0,19,0.0,10938.0,2,5,4,,0,0,Urban,40.88,11.0,499000,0
4096,3,2.0,27,1.0,3725.0,1,3,2,7.0,0,1,Downtown,25.18,50.0,887000,0
2057,4,3.0,15,,13380.0,2,8,9,4.0,1,0,Suburban,11.06,2.0,674000,1
1483,5,1.5,46,0.0,10462.0,2,7,9,7.0,0,0,Suburban,37.12,128.0,594000,0
1463,2,4.0,16,3.0,7811.0,2,3,2,2.0,1,0,Suburban,35.29,4.0,437000,1
2798,2,2.0,39,2.0,7606.0,3,6,9,1.0,1,0,Urban,13.07,145.0,911000,0
4245,3,1.0,27,1.0,5956.0,3,4,6,2.0,0,1,Suburban,45.27,110.0,903000,0
2431,4,1.0,11,1.0,2171.0,1,5,8,4.0,0,0,Downtown,6.11,14.0,683000,0
2295,4,2.5,26,2.0,10465.0,1,5,10,8.0,0,0,Rural,49.15,171.0,809000,0
4104,2,2.5,41,0.0,4306.0,3,7,4,3.0,1,0,Suburban,43.15,170.0,950000,0
1936,5,3.0,46,3.0,11350.0,3,5,2,10.0,0,0,Downtown,34.71,174.0,607000,0
2653,4,1.5,29,2.0,11898.0,1,3,2,6.0,0,1,Urban,47.0,3.0,668000,1
2320,1,1.0,40,2.0,11963.0,1,10,9,,0,1,Urban,36.39,3.0,784000,1
3289,4,2.0,33,1.0,2421.0,1,5,1,9.0,1,0,Urban,10.33,3.0,666000,1
1363,4,2.0,36,0.0,7540.0,3,7,7,9.0,0,1,Suburban,22.67,7.0,597000,1
2091,3,2.0,5,2.0,11401.0,1,5,3,4.0,0,0,Rural,4.5,103.0,657000,0
4381,2,4.0,6,2.0,6675.0,2,5,3,9.0,0,0,Suburban,20.09,3.0,1025000,1
4257,2,4.0,31,2.0,11082.0,2,9,2,6.0,0,1,Downtown,37.34,97.0,921000,0
4258,2,3.5,31,1.0,13459.0,1,3,10,2.0,1,0,Suburban,19.94,33.0,1085000,0
3984,4,3.0,24,2.0,8748.0,2,6,6,10.0,0,1,Suburban,17.18,43.0,1063000,0
2436,5,2.0,32,2.0,8103.0,1,1,10,6.0,1,1,Urban,30.17,178.0,722000,0
4496,2,2.0,6,3.0,3473.0,2,10,2,2.0,0,0,Downtown,43.74,133.0,1112000,0
3799,3,2.0,11,1.0,,1,5,10,8.0,0,1,Urban,3.33,6.0,920000,1
3952,2,3.0,15,1.0,14670.0,2,8,4,4.0,0,1,Suburban,19.89,4.0,1089000,1
1498,2,1.0,15,2.0,4181.0,2,5,10,5.0,0,0,Suburban,8.75,,570000,1
2960,4,2.0,42,2.0,11641.0,1,9,9,8.0,0,1,Urban,35.07,7.0,867000,1
801,3,1.0,35,2.0,5096.0,1,6,9,8.0,0,0,Suburban,6.18,104.0,532000,0
1441,3,2.0,12,2.0,8646.0,2,8,6,6.0,0,1,Urban,33.58,2.0,787000,1
3067,3,3.0,6,2.0,13448.0,1,10,4,4.0,0,1,Downtown,15.02,4.0,1063000,1
2389,4,3.0,35,3.0,13348.0,2,8,7,1.0,0,0,Suburban,10.75,2.0,902000,1
1654,3,1.5,46,2.0,11782.0,2,3,1,7.0,1,0,Suburban,46.88,6.0,474000,1
2559,4,4.0,50,3.0,7882.0,2,7,4,8.0,0,1,Suburban,1.91,2.0,717000,1
4096,3,2.5,8,2.0,14431.0,2,7,5,9.0,0,0,Suburban,22.45,2.0,1257000,1
3232,4,1.0,31,,7982.0,2,10,8,2.0,0,0,Downtown,2.06,1.0,1186000,1
4274,4,2.0,10,2.0,14173.0,2,6,2,1.0,1,0,Urban,24.7,29.0,1200000,0
2461,2,2.0,7,1.0,7798.0,2,7,5,4.0,1,0,Urban,25.55,2.0,742000,1
1953,3,1.0,32,3.0,11627.0,1,2,6,5.0,0,0,Urban,16.76,1.0,503000,1
1876,5,3.5,22,1.0,10415.0,1,9,5,10.0,1,0,Rural,7.48,85.0,746000,0
2507,5,2.0,24,3.0,10411.0,2,10,9,1.0,0,0,Downtown,19.44,147.0,756000,0
3577,3,3.0,7,2.0,14466.0,2,10,10,5.0,0,1,Suburban,33.94,121.0,1123000,0
2495,3,2.0,44,0.0,11846.0,2,1,1,6.0,1,0,Suburban,39.34,75.0,633000,0
2533,5,1.5,21,2.0,14720.0,1,1,3,3.0,1,0,Urban,27.01,6.0,648000,1
2239,4,2.0,3,3.0,10456.0,2,3,2,7.0,0,0,Urban,29.9,132.0,699000,0
3094,1,1.5,39,0.0,11145.0,1,3,3,6.0,1,0,Suburban,10.83,3.0,781000,1
1635,5,2.0,2,2.0,6524.0,1,1,10,4.0,0,0,Urban,15.08,6.0,548000,1
4310,3,3.5,28,2.0,13925.0,2,7,9,3.0,1,0,Suburban,8.93,62.0,1380000,0
1002,4,2.0,40,2.0,8559.0,1,4,9,5.0,0,0,Suburban,13.22,89.0,586000,0
4055,2,2.5,28,2.0,9620.0,2,10,10,3.0,0,1,Rural,12.02,7.0,1121000,1
922,1,1.5,33,1.0,4774.0,1,2,2,10.0,0,1,Suburban,26.45,,315000,1
1200,3,1.0,33,0.0,7673.0,2,10,3,9.0,0,1,Suburban,28.57,109.0,652000,0
1566,4,1.5,27,2.0,5124.0,2,5,4,9.0,0,1,Suburban,47.3,1.0,567000,1
1093,3,2.5,12,2.0,10671.0,1,6,9,6.0,0,1,Urban,10.58,4.0,563000,1
3127,3,1.0,14,3.0,13706.0,1,9,3,6.0,0,0,Suburban,32.44,6.0,1037000,1
3731,3,2.0,22,0.0,3353.0,2,4,7,4.0,0,1,Urban,41.05,114.0,935000,0
4481,3,2.5,43,2.0,,2,2,3,4.0,0,0,Urban,28.45,3.0,918000,1
997,6,2.0,25,,14070.0,2,5,7,2.0,0,1,Suburban,13.5,3.0,484000,1
3829,3,1.5,3,1.0,11081.0,1,3,7,10.0,0,1,Rural,13.86,4.0,846000,1
2730,4,2.0,25,2.0,5854.0,2,2,9,4.0,1,0,Urban,2.92,32.0,767000,0
4382,5,3.5,39,2.0,10134.0,2,1,2,8.0,1,0,Urban,15.97,82.0,916000,0
3599,3,2.5,8,2.0,2924.0,2,10,6,10.0,1,0,Urban,37.49,2.0,1038000,1
2991,2,2.0,4,3.0,4170.0,2,2,9,2.0,0,1,Suburban,3.33,130.0,871000,0
1408,3,1.0,31,,12094.0,1,6,2,9.0,1,1,Suburban,11.75,62.0,679000,0
4072,3,4.0,19,3.0,7506.0,1,8,2,1.0,0,1,Urban,35.61,6.0,1149000,1
1947,3,2.5,49,,4395.0,2,3,5,2.0,0,0,Rural,39.35,46.0,457000,0
986,3,2.0,10,2.0,10220.0,3,9,10,2.0,0,1,Rural,23.31,90.0,662000,0
4197,4,3.0,14,2.0,10226.0,1,9,10,6.0,1,0,Suburban,35.21,41.0,1273000,0
3311,3,2.0,31,2.0,13781.0,2,2,10,7.0,0,1,Suburban,20.01,1.0,913000,1
4220,3,2.0,27,0.0,7515.0,1,8,8,3.0,0,0,Suburban,8.84,176.0,1164000,0
2594,4,2.5,21,,4670.0,1,10,9,9.0,0,0,Suburban,20.51,157.0,956000,0
1459,3,1.5,40,0.0,5365.0,1,5,2,5.0,1,0,Suburban,29.42,1.0,538000,1
3611,4,4.0,16,2.0,2588.0,1,4,5,5.0,0,1,Urban,47.45,7.0,913000,1
3802,4,2.5,25,2.0,13410.0,2,10,7,4.0,0,1,Suburban,4.37,176.0,1258000,0
2755,3,2.5,43,0.0,5138.0,2,5,6,9.0,0,0,Suburban,25.86,7.0,688000,1
3250,4,1.5,6,1.0,11095.0,1,4,6,8.0,0,0,Urban,17.12,5.0,855000,1
2169,3,1.0,41,3.0,8663.0,1,8,7,4.0,0,1,Urban,25.91,3.0,813000,1
2786,3,2.0,25,2.0,6086.0,2,4,3,4.0,0,0,Urban,2.17,144.0,824000,0
2334,3,3.0,24,1.0,12361.0,1,10,3,2.0,1,1,Downtown,16.34,2.0,898000,1
946,3,2.0,9,2.0,10531.0,2,6,10,9.0,0,0,Urban,41.17,3.0,596000,1
4019,4,2.0,44,2.0,6270.0,1,2,9,3.0,0,0,Rural,28.14,171.0,959000,0
3711,2,2.5,18,2.0,8019.0,2,5,8,4.0,0,1,Suburban,23.08,17.0,737000,0
2534,3,1.5,10,3.0,11906.0,1,6,5,7.0,0,1,Rural,14.99,5.0,715000,1
2643,2,2.5,12,2.0,14884.0,1,5,6,10.0,0,0,Suburban,15.6,3.0,873000,1
1288,4,1.0,7,1.0,14738.0,1,2,10,8.0,0,0,Downtown,19.77,174.0,558000,0
3776,3,3.5,39,2.0,2556.0,1,7,1,8.0,0,1,Urban,41.94,2.0,954000,1
2759,5,2.0,3,3.0,10022.0,2,4,10,4.0,1,0,Suburban,48.39,5.0,873000,1
2463,3,1.5,46,,13279.0,2,8,1,7.0,0,1,Urban,22.49,150.0,796000,0
3398,4,2.0,30,1.0,7452.0,1,7,4,10.0,0,0,Suburban,20.27,13.0,823000,0
3185,6,2.0,27,1.0,13458.0,1,7,2,1.0,1,0,Suburban,42.48,80.0,897000,0
3719,4,3.0,10,2.0,5567.0,2,9,7,6.0,0,1,Suburban,21.92,170.0,1196000,0
1440,5,2.5,42,2.0,12248.0,2,1,2,6.0,1,1,Suburban,28.05,1.0,583000,1
2602,3,2.5,0,2.0,5899.0,3,10,10,6.0,0,0,Urban,12.32,4.0,1160000,1
3320,4,1.5,48,3.0,8477.0,2,6,2,2.0,0,1,Suburban,37.43,26.0,835000,0
2769,3,1.5,46,2.0,9500.0,2,6,5,8.0,1,0,Suburban,27.07,69.0,821000,0
2998,2,1.0,37,1.0,3016.0,2,6,4,5.0,0,0,Urban,40.64,78.0,585000,0
2238,3,2.5,23,1.0,8470.0,3,6,8,5.0,0,1,Downtown,39.26,145.0,705000,0
4169,4,3.0,46,2.0,4062.0,2,10,4,2.0,1,1,Downtown,11.54,32.0,1081000,0
2434,3,2.0,30,1.0,11030.0,1,7,6,4.0,0,1,Rural,36.07,7.0,818000,1
1062,4,1.5,40,2.0,11829.0,1,10,5,9.0,0,0,Rural,40.2,134.0,585000,0
2587,5,2.5,45,3.0,6321.0,1,6,2,9.0,0,0,Urban,17.96,1.0,816000,1
2991,4,3.0,49,1.0,5496.0,2,1,8,6.0,1,0,Downtown,9.46,160.0,727000,0
3193,4,2.5,25,2.0,3813.0,2,3,2,9.0,1,0,Suburban,1.13,2.0,807000,1
1423,4,3.0,48,2.0,13671.0,2,2,9,4.0,0,1,Urban,23.09,118.0,569000,0
1816,6,2.0,49,2.0,8256.0,1,6,9,1.0,0,0,Rural,18.27,6.0,614000,1
4443,4,1.5,4,1.0,11643.0,2,8,3,2.0,1,1,Urban,28.19,83.0,1081000,0
1680,4,3.0,19,2.0,4313.0,2,3,4,1.0,0,0,Suburban,10.21,77.0,435000,0
2849,6,2.5,40,0.0,11706.0,1,10,8,8.0,0,0,Urban,43.12,145.0,889000,0
3744,5,2.0,10,3.0,3231.0,2,8,9,9.0,1,0,Suburban,13.63,73.0,1081000,0
2127,2,2.5,32,0.0,11837.0,2,8,3,10.0,1,0,Suburban,12.1,127.0,714000,0
3101,3,3.0,49,2.0,7831.0,2,5,5,6.0,1,0,Suburban,24.55,4.0,849000,1
1252,3,2.5,37,,4999.0,2,8,8,2.0,0,1,Urban,25.44,7.0,643000,1
3908,2,2.5,26,3.0,5440.0,2,6,3,6.0,0,0,Suburban,11.54,146.0,963000,0
1983,4,2.0,33,1.0,6056.0,2,5,7,9.0,0,1,Suburban,14.32,1.0,764000,1
3862,4,2.0,14,1.0,2305.0,2,9,8,3.0,0,0,Urban,9.32,3.0,1082000,1
2856,4,2.0,31,0.0,13728.0,2,7,10,9.0,0,1,Downtown,36.2,6.0,879000,1
4104,2,3.0,20,1.0,11915.0,1,8,3,2.0,1,0,Suburban,38.73,55.0,943000,0
3970,5,3.0,45,1.0,3689.0,2,1,2,5.0,0,1,Rural,23.65,122.0,824000,0
2482,4,3.0,4,2.0,11709.0,1,2,10,2.0,1,0,Urban,35.99,94.0,783000,0
3663,4,1.0,5,,5917.0,1,8,7,7.0,0,1,Suburban,37.06,14.0,1137000,0
3055,5,2.5,37,0.0,9080.0,2,9,9,10.0,0,1,Urban,7.78,84.0,1120000,0
1954,4,3.0,21,2.0,10611.0,2,4,1,9.0,0,0,Suburban,48.34,152.0,581000,0
1203,3,2.5,17,1.0,,2,10,3,7.0,0,0,Urban,41.23,7.0,593000,1
2999,4,3.0,13,1.0,5862.0,1,10,5,,0,0,Suburban,11.02,161.0,981000,0
2901,3,3.0,9,1.0,14421.0,1,9,3,4.0,1,1,Suburban,10.12,3.0,1053000,1
3991,1,2.0,45,3.0,11642.0,1,4,1,4.0,1,0,Urban,7.16,2.0,955000,1
2496,4,2.0,12,1.0,13288.0,1,10,7,10.0,0,0,Suburban,7.78,157.0,928000,0
1427,3,1.5,30,3.0,7649.0,2,10,7,8.0,0,0,Downtown,37.66,148.0,618000,0
1386,4,2.0,29,2.0,5261.0,1,10,10,10.0,1,0,Urban,24.01,132.0,694000,0
2448,3,2.5,2,0.0,11356.0,2,9,8,10.0,0,1,Suburban,39.36,19.0,926000,0
2243,5,3.0,29,3.0,12061.0,1,7,5,10.0,0,0,Suburban,37.57,5.0,834000,1
2245,3,1.5,5,1.0,3819.0,3,2,10,10.0,0,1,Suburban,30.63,7.0,628000,1
903,6,1.5,28,0.0,12897.0,1,9,5,10.0,1,1,Rural,34.63,168.0,669000,0
1053,4,2.5,7,2.0,13707.0,1,4,5,1.0,0,0,Downtown,1.9,126.0,550000,0
4098,2,1.0,43,2.0,3342.0,1,8,1,5.0,0,1,Suburban,16.28,149.0,821000,0
3983,4,1.5,44,2.0,7560.0,2,7,10,2.0,1,0,Suburban,32.25,118.0,1123000,0
3357,6,1.0,42,1.0,4226.0,2,7,5,9.0,0,1,Suburban,1.46,2.0,904000,1
2296,3,1.5,43,2.0,3079.0,2,8,6,7.0,0,0,Suburban,2.62,4.0,835000,1
898,2,1.5,32,2.0,6206.0,2,1,1,10.0,0,1,Suburban,42.74,4.0,320000,1
3000,3,2.0,16,1.0,8280.0,1,5,7,8.0,1,0,Downtown,34.52,122.0,746000,0
2684,3,2.0,47,1.0,14755.0,2,2,1,6.0,0,0,Rural,14.0,46.0,591000,0
3761,4,3.0,10,0.0,12971.0,2,2,2,9.0,1,0,Urban,34.71,8.0,874000,0
2719,4,2.0,12,1.0,12720.0,1,1,2,6.0,0,0,Urban,39.83,3.0,601000,1
1677,3,2.5,49,3.0,9235.0,1,5,5,7.0,0,1,Downtown,16.03,2.0,606000,1
1137,3,1.5,10,2.0,,1,2,10,7.0,1,0,Urban,2.77,,543000,1
3669,4,1.5,30,3.0,7089.0,1,4,7,9.0,0,1,Suburban,46.71,6.0,903000,1
4034,3,2.5,27,1.0,4031.0,2,3,1,8.0,0,0,Urban,17.91,4.0,835000,1
1756,2,1.0,43,2.0,10514.0,1,3,10,1.0,0,1,Urban,6.22,5.0,460000,1
2504,5,2.0,5,1.0,13161.0,1,2,1,4.0,0,0,Urban,25.1,2.0,660000,1
960,4,2.5,40,1.0,11095.0,1,6,1,7.0,0,0,Suburban,38.65,78.0,438000,0
2403,4,2.5,15,1.0,11733.0,3,2,6,,0,0,Urban,11.86,144.0,829000,0
3648,4,1.0,3,1.0,7911.0,2,8,2,7.0,0,1,Suburban,14.21,106.0,902000,0
1197,3,2.0,34,2.0,13695.0,1,8,1,3.0,1,0,Suburban,12.89,4.0,473000,1
2100,4,2.5,47,3.0,4653.0,1,5,6,4.0,0,1,Suburban,49.59,5.0,669000,1
1615,3,1.5,25,2.0,12668.0,1,10,2,7.0,1,1,Suburban,10.67,94.0,793000,0
2327,2,2.5,11,1.0,5340.0,2,7,6,8.0,0,0,Suburban,29.2,161.0,665000,0
2719,3,2.5,10,0.0,9876.0,1,4,10,7.0,0,1,Suburban,46.34,2.0,654000,1
2215,3,4.0,36,1.0,14435.0,2,1,8,6.0,0,0,Suburban,8.2,7.0,736000,1
1958,4,1.5,24,2.0,3141.0,2,2,2,9.0,0,0,Suburban,48.57,3.0,588000,1
2018,2,3.0,17,2.0,11041.0,2,10,9,9.0,0,1,Downtown,47.43,81.0,648000,0
1200,2,2.0,18,3.0,10558.0,1,10,8,7.0,1,1,Suburban,44.34,72.0,707000,0
1439,3,2.0,22,0.0,4897.0,2,4,10,8.0,1,1,Suburban,11.51,76.0,728000,0
3904,3,1.5,37,2.0,11281.0,2,1,1,6.0,1,0,Suburban,32.07,1.0,767000,1
3535,4,2.5,17,2.0,6041.0,1,8,7,1.0,0,0,Suburban,38.28,6.0,875000,1
1259,3,1.5,25,2.0,,1,9,10,1.0,1,0,Urban,49.32,65.0,591000,0
1754,4,2.0,5,2.0,13052.0,1,4,6,6.0,0,1,Suburban,9.84,4.0,611000,1
1269,3,1.0,3,2.0,6270.0,1,10,6,2.0,0,0,Rural,38.54,98.0,512000,0
4246,4,3.0,43,2.0,12046.0,1,3,6,8.0,1,1,Suburban,17.6,2.0,1138000,1
1845,4,3.0,50,1.0,6683.0,2,2,6,1.0,0,0,Rural,9.61,125.0,399000,0
3597,3,2.5,28,2.0,2494.0,2,5,10,2.0,0,0,Suburban,21.65,64.0,896000,0
2493,4,2.0,33,1.0,9116.0,3,3,7,8.0,0,0,Suburban,39.9,93.0,749000,0
2885,3,1.5,16,2.0,13374.0,1,10,3,6.0,0,0,Downtown,23.78,25.0,768000,0
3077,3,2.5,42,2.0,3784.0,3,7,6,10.0,1,0,Suburban,27.34,23.0,817000,0
4236,6,2.0,42,2.0,5510.0,1,6,3,2.0,0,1,Rural,49.76,2.0,1060000,1
1362,2,1.5,15,3.0,5786.0,2,1,7,2.0,1,1,Rural,20.56,7.0,531000,1
3285,2,2.5,1,3.0,7266.0,1,8,7,7.0,0,0,Downtown,31.15,180.0,898000,0
2599,4,4.0,33,2.0,14322.0,1,2,8,5.0,0,0,Urban,18.9,87.0,813000,0
4154,2,2.5,7,2.0,11190.0,2,5,2,5.0,0,0,Urban,20.25,5.0,1080000,1
2874,4,2.5,12,2.0,7428.0,1,9,9,8.0,0,1,Rural,35.09,5.0,995000,1
1025,3,3.5,41,2.0,8681.0,2,8,5,7.0,0,0,Suburban,46.96,166.0,502000,0
4148,5,1.5,7,3.0,8893.0,2,2,9,9.0,1,1,Suburban,27.58,7.0,1044000,1
1597,4,2.5,29,2.0,14661.0,2,9,10,4.0,1,0,Urban,38.65,80.0,805000,0
4480,4,4.0,31,3.0,11643.0,2,5,5,10.0,1,0,Urban,5.37,1.0,1144000,1
3131,5,1.5,35,3.0,11943.0,2,10,7,4.0,1,1,Suburban,11.35,3.0,1166000,1
3726,3,2.5,46,,12472.0,1,6,9,2.0,1,0,Urban,25.6,6.0,803000,1
1759,6,2.5,29,1.0,14992.0,2,3,4,3.0,0,0,Urban,1.98,91.0,512000,0
2304,2,2.5,0,1.0,6658.0,2,3,2,1.0,1,0,Urban,13.39,2.0,625000,1
1252,3,2.5,42,3.0,9082.0,1,10,9,1.0,0,0,Urban,26.35,,610000,0
3867,3,3.5,38,1.0,13126.0,1,8,2,7.0,0,0,Rural,1.73,123.0,923000,0
1615,3,3.0,16,3.0,8869.0,2,10,3,5.0,0,1,Suburban,13.96,97.0,634000,0
1458,2,1.0,19,2.0,13926.0,2,10,10,3.0,0,1,Urban,26.19,2.0,751000,1
4387,4,3.0,23,2.0,9607.0,2,2,2,7.0,0,0,Urban,29.08,31.0,930000,0
1346,4,1.5,49,3.0,9669.0,1,2,3,2.0,1,1,Suburban,46.36,4.0,473000,1
2015,6,2.0,21,2.0,13538.0,2,5,6,3.0,0,0,Suburban,32.62,5.0,704000,1
3920,2,2.0,28,2.0,12065.0,1,6,3,1.0,0,0,Rural,21.32,6.0,870000,1
4383,4,2.0,21,2.0,8219.0,2,2,10,8.0,0,0,Rural,46.59,164.0,1105000,0
816,3,2.0,43,1.0,6534.0,2,5,8,2.0,0,0,Rural,39.46,171.0,340000,0
4043,3,3.5,8,2.0,13995.0,1,7,6,7.0,0,0,Suburban,10.8,78.0,1145000,0
2043,3,2.5,36,,7979.0,2,10,7,9.0,0,1,Suburban,7.41,133.0,693000,0
3005,3,2.5,9,3.0,12171.0,3,10,1,6.0,0,0,Suburban,34.11,152.0,872000,0
3324,4,1.0,35,3.0,10890.0,2,8,3,2.0,0,0,Urban,28.43,159.0,773000,0
1869,4,3.5,36,1.0,3312.0,2,7,3,2.0,1,0,Urban,39.69,126.0,659000,0
4244,3,3.5,27,2.0,4962.0,2,8,2,9.0,1,1,Urban,37.2,98.0,1091000,0
3365,2,3.0,27,2.0,4938.0,2,9,7,10.0,0,1,Suburban,31.64,7.0,997000,1
2946,2,1.0,41,1.0,14979.0,1,5,9,8.0,0,0,Urban,49.33,115.0,678000,0
2568,1,1.0,42,3.0,12492.0,1,5,4,9.0,0,0,Urban,27.15,5.0,676000,1
1860,6,1.5,20,0.0,5197.0,1,10,5,4.0,1,0,Suburban,6.54,,701000,1
3127,1,1.5,23,1.0,7296.0,2,4,3,4.0,0,0,Downtown,41.59,2.0,700000,1
4220,2,2.0,41,2.0,9204.0,2,9,9,2.0,0,0,Urban,13.34,7.0,954000,1
3344,3,3.5,39,2.0,7730.0,1,5,4,10.0,1,0,Suburban,39.09,2.0,980000,1
1101,4,2.0,1,2.0,2126.0,2,2,5,1.0,0,0,Urban,47.9,5.0,323000,1
980,6,1.0,7,2.0,7602.0,2,10,1,10.0,0,0,Downtown,35.14,7.0,599000,1
1406,4,2.0,47,2.0,3191.0,2,8,2,4.0,0,0,Urban,30.21,123.0,621000,0
3970,4,1.0,26,,4639.0,1,7,9,10.0,1,1,Rural,23.56,7.0,1046000,1
1499,3,1.0,21,0.0,14581.0,2,8,2,10.0,1,1,Urban,18.86,15.0,607000,0
1792,2,2.0,36,1.0,14108.0,1,3,5,8.0,1,0,Rural,18.3,1.0,593000,1
1939,6,2.0,26,,3366.0,1,4,8,,0,0,Urban,32.18,119.0,554000,0
990,4,3.0,28,1.0,11211.0,3,5,3,8.0,0,0,Urban,37.81,1.0,463000,1
3100,4,4.0,2,2.0,8453.0,1,6,6,,1,0,Urban,34.25,62.0,789000,0
1780,4,2.0,43,1.0,8671.0,1,1,4,1.0,1,1,Urban,10.72,7.0,628000,1
3775,4,2.0,12,1.0,8683.0,2,4,7,4.0,0,0,Rural,25.21,95.0,880000,0
2806,4,3.0,44,1.0,14271.0,1,10,10,7.0,1,1,Suburban,39.79,17.0,798000,0
1984,6,2.0,9,3.0,14706.0,2,5,3,9.0,0,1,Suburban,24.31,2.0,913000,1
4127,5,1.5,35,3.0,6539.0,1,7,6,5.0,0,0,Downtown,27.29,41.0,1077000,0
4194,4,3.0,8,2.0,10876.0,1,5,10,2.0,0,0,Suburban,38.79,171.0,946000,0
927,4,1.0,26,3.0,13821.0,1,1,9,7.0,0,0,Downtown,33.4,68.0,411000,0
2865,2,2.5,33,2.0,4887.0,1,7,10,2.0,1,0,Urban,21.06,6.0,880000,1
2616,4,2.5,50,2.0,11654.0,2,8,1,9.0,0,0,Downtown,44.88,6.0,754000,1
2558,1,2.0,0,0.0,6086.0,2,7,3,9.0,0,0,Urban,8.97,1.0,606000,1
3413,4,2.0,31,2.0,4261.0,2,4,2,3.0,1,1,Suburban,49.78,5.0,943000,1
1369,6,3.0,24,2.0,6180.0,3,8,8,8.0,1,0,Suburban,6.82,93.0,749000,0
2146,4,1.0,28,2.0,4841.0,1,5,7,4.0,0,0,Suburban,1.73,39.0,755000,0
2695,3,1.5,6,2.0,11959.0,2,10,2,3.0,0,1,Suburban,44.61,7.0,978000,1
3533,3,2.5,48,2.0,14372.0,2,9,6,,0,1,Suburban,13.0,90.0,886000,0
1425,2,2.0,2,2.0,8040.0,3,10,3,5.0,0,0,Downtown,36.76,4.0,743000,1
4159,4,1.5,19,,5560.0,1,5,8,4.0,1,1,Downtown,40.74,170.0,970000,0
3701,2,3.0,19,1.0,12304.0,2,1,10,1.0,1,0,Downtown,43.09,5.0,674000,1
2486,2,2.0,29,2.0,6758.0,2,9,3,,0,0,Downtown,49.59,4.0,740000,1
3809,3,3.0,34,2.0,2626.0,1,5,10,8.0,0,0,Rural,15.41,19.0,981000,0
954,4,3.0,34,2.0,14351.0,2,6,9,8.0,0,0,Downtown,35.8,92.0,570000,0
3337,4,2.5,48,2.0,13606.0,1,4,1,8.0,1,1,Rural,6.65,130.0,847000,0
2209,2,2.0,38,0.0,7014.0,2,6,5,3.0,0,1,Suburban,20.93,6.0,698000,1
1584,3,4.0,26,2.0,3375.0,3,8,3,6.0,0,1,Rural,42.55,90.0,666000,0
3975,3,1.5,25,1.0,3181.0,2,3,6,7.0,0,0,Downtown,19.02,,787000,1
4264,4,2.5,13,2.0,7708.0,2,5,10,9.0,0,0,Suburban,29.96,2.0,1162000,1
1045,4,1.5,16,2.0,2490.0,1,2,2,5.0,0,0,Suburban,25.68,43.0,370000,0
4047,3,2.0,17,2.0,5729.0,3,2,9,9.0,0,0,Urban,32.65,61.0,706000,0
3910,4,2.0,44,1.0,7974.0,2,7,6,6.0,1,1,Rural,48.67,54.0,1036000,0
2300,3,3.5,28,2.0,5534.0,1,10,7,10.0,1,1,Downtown,3.73,122.0,971000,0
2505,5,3.5,19,1.0,5296.0,2,10,5,10.0,1,0,Suburban,29.12,1.0,928000,1
3606,3,1.5,26,3.0,3940.0,2,10,9,10.0,0,0,Urban,43.29,131.0,1145000,0
1337,3,1.0,17,3.0,14600.0,1,6,1,4.0,0,0,Suburban,24.59,6.0,511000,1
2690,3,2.5,3,3.0,7014.0,1,4,5,1.0,0,0,Suburban,4.85,3.0,762000,1
2641,4,2.0,0,2.0,3882.0,1,5,10,1.0,0,0,Suburban,28.47,103.0,640000,0
1720,4,1.0,49,2.0,6908.0,2,1,6,10.0,1,0,Suburban,17.27,7.0,566000,1
3255,3,2.5,0,1.0,4987.0,2,7,7,5.0,0,0,Downtown,8.59,127.0,1093000,0
1324,4,2.0,25,1.0,,2,8,4,3.0,0,0,Suburban,42.6,108.0,499000,0
3675,4,4.0,44,2.0,5159.0,2,9,1,5.0,1,0,Suburban,26.56,5.0,899000,1
2329,3,1.5,19,2.0,14967.0,2,8,8,5.0,1,0,Downtown,46.73,173.0,778000,0
3750,3,2.0,22,3.0,6530.0,2,5,10,1.0,0,1,Suburban,40.49,1.0,956000,1
835,5,2.0,9,1.0,2681.0,1,3,4,8.0,0,0,Urban,34.96,39.0,360000,0
1484,3,3.0,10,3.0,7254.0,2,10,3,5.0,0,1,Suburban,1.25,6.0,796000,1
819,3,2.0,40,2.0,3073.0,2,9,7,5.0,0,0,Suburban,21.96,18.0,575000,0
3168,6,2.5,40,2.0,4387.0,2,6,2,9.0,0,0,Rural,10.68,155.0,904000,0
3359,1,1.5,4,1.0,12586.0,2,5,8,8.0,0,0,Downtown,45.63,44.0,714000,0
1199,2,3.0,0,0.0,4693.0,1,3,6,1.0,1,0,Suburban,9.55,2.0,498000,1
3501,3,2.0,16,2.0,11562.0,3,6,7,3.0,0,1,Urban,15.02,3.0,1063000,1
1771,5,1.5,21,2.0,14936.0,1,3,5,7.0,0,0,Urban,26.33,2.0,662000,1
2706,2,2.5,33,1.0,6340.0,2,10,9,1.0,0,1,Suburban,13.9,2.0,894000,1
3318,1,1.5,44,2.0,4156.0,1,6,5,1.0,0,1,Rural,11.28,1.0,784000,1
1966,2,1.0,40,3.0,9966.0,3,4,5,5.0,1,0,Suburban,30.36,5.0,691000,1
1915,2,3.0,28,2.0,4580.0,1,2,3,9.0,0,0,Suburban,5.36,5.0,639000,1
4225,1,2.0,3,3.0,9257.0,1,8,1,6.0,0,1,Downtown,3.85,95.0,971000,0
1633,3,2.5,4,1.0,14583.0,1,4,2,10.0,0,0,Downtown,19.24,4.0,668000,1
2623,4,2.0,10,1.0,4159.0,1,9,8,2.0,1,1,Urban,36.31,18.0,860000,0
3574,3,3.0,50,2.0,13440.0,1,7,1,9.0,0,0,Rural,28.19,165.0,882000,0
2782,3,1.5,20,2.0,13923.0,2,2,7,6.0,1,0,Suburban,21.72,6.0,653000,1
1653,2,2.0,34,0.0,14021.0,2,4,5,5.0,0,0,Urban,28.72,10.0,498000,0
850,3,4.0,11,1.0,8772.0,1,5,3,5.0,0,0,Suburban,18.91,5.0,413000,1
1374,3,3.0,25,2.0,3627.0,1,3,7,3.0,0,1,Urban,46.87,6.0,453000,1
4061,4,2.0,50,1.0,13664.0,2,9,9,6.0,1,0,Urban,3.69,6.0,1007000,1
1948,1,2.0,18,1.0,10219.0,2,5,2,4.0,1,1,Suburban,34.0,6.0,586000,1
2997,3,3.0,44,1.0,9080.0,2,2,8,10.0,0,0,Suburban,44.67,6.0,696000,1
3161,3,2.0,6,0.0,3985.0,2,3,9,2.0,0,0,Suburban,40.39,1.0,732000,1
3417,5,3.0,46,2.0,14345.0,1,9,3,3.0,0,0,Suburban,10.02,96.0,797000,0
4213,4,3.0,6,2.0,11713.0,1,7,2,9.0,0,0,Urban,15.5,5.0,927000,1
3152,4,1.0,25,2.0,10488.0,1,2,7,9.0,0,0,Suburban,36.14,6.0,798000,1
2515,3,1.5,39,1.0,4181.0,2,9,5,6.0,1,0,Suburban,5.13,115.0,741000,0
1481,5,2.5,4,1.0,13594.0,3,4,5,10.0,1,1,Suburban,40.78,159.0,784000,0
1637,1,1.5,20,2.0,4296.0,2,9,10,10.0,0,0,Downtown,36.23,3.0,725000,1
1877,2,2.0,13,2.0,9164.0,1,2,5,9.0,0,0,Suburban,36.75,1.0,586000,1
3850,3,3.5,3,2.0,4597.0,1,10,4,4.0,1,1,Suburban,5.91,6.0,1277000,1
3291,2,2.5,22,1.0,2901.0,1,4,5,5.0,1,1,Suburban,36.17,46.0,765000,0
3460,6,3.0,41,3.0,8060.0,2,5,4,10.0,0,0,Rural,34.31,5.0,871000,1
3840,4,2.5,19,1.0,11290.0,1,2,6,6.0,0,0,Rural,41.72,6.0,919000,1
3111,3,2.5,14,2.0,3677.0,3,10,4,9.0,0,1,Urban,3.04,72.0,1065000,0
3924,4,1.0,49,2.0,4881.0,1,1,2,5.0,0,0,Suburban,2.13,69.0,735000,0
2395,6,2.0,44,2.0,7622.0,3,7,9,8.0,0,0,Urban,19.28,9.0,957000,0
3851,5,2.0,28,1.0,10052.0,2,10,2,,0,0,Downtown,8.29,141.0,983000,0
4491,4,2.0,7,2.0,3378.0,2,1,9,5.0,0,1,Suburban,28.36,129.0,994000,0
804,5,3.0,40,2.0,3248.0,2,8,10,10.0,0,0,Rural,45.95,82.0,593000,0
1926,6,2.0,47,1.0,13927.0,2,3,6,1.0,0,1,Suburban,20.18,178.0,548000,0
2019,4,2.0,18,1.0,7650.0,2,10,9,10.0,0,0,Suburban,42.4,47.0,832000,0
1573,2,2.0,47,1.0,,2,6,9,6.0,1,1,Downtown,1.01,7.0,790000,1
1676,3,1.0,38,2.0,8079.0,2,7,3,7.0,1,0,Rural,9.26,174.0,677000,0
1791,4,2.0,45,0.0,11456.0,3,10,1,5.0,0,0,Urban,2.49,35.0,687000,0
3731,3,1.5,27,3.0,12099.0,2,1,1,1.0,0,1,Suburban,17.08,5.0,776000,1
4221,4,1.5,45,2.0,9036.0,2,6,3,6.0,1,0,Suburban,45.5,70.0,1009000,0
846,2,1.0,26,3.0,8487.0,2,7,5,10.0,0,0,Suburban,5.75,147.0,604000,0
3714,1,2.0,3,3.0,3058.0,1,6,3,5.0,0,0,Suburban,30.71,48.0,924000,0
3670,3,3.0,14,2.0,12941.0,1,4,9,6.0,0,0,Suburban,23.12,,914000,0
3783,1,2.0,34,1.0,4048.0,2,1,9,10.0,0,0,Suburban,46.98,30.0,799000,0
3503,6,2.0,36,1.0,8115.0,2,9,3,7.0,0,1,Urban,7.0,6.0,1058000,1
1068,4,2.5,0,1.0,6248.0,2,4,3,7.0,1,0,Suburban,11.39,4.0,487000,1
1169,4,1.5,2,2.0,4476.0,2,7,5,2.0,0,0,Urban,2.45,4.0,591000,1
1435,4,3.0,46,1.0,14208.0,2,7,2,3.0,0,0,Urban,22.26,112.0,439000,0
1929,3,2.0,23,1.0,6603.0,2,2,6,6.0,1,1,Suburban,14.61,,645000,0
2493,3,2.0,26,2.0,13389.0,1,1,7,3.0,0,1,Urban,43.63,3.0,673000,1
2482,4,2.5,39,3.0,14778.0,2,8,9,2.0,0,0,Suburban,30.64,157.0,906000,0
1456,3,1.5,35,1.0,,2,8,6,4.0,0,0,Suburban,31.09,145.0,545000,0
919,3,2.5,33,0.0,14632.0,1,7,3,5.0,0,1,Suburban,27.06,142.0,515000,0
1630,3,2.0,28,,11953.0,2,8,5,10.0,0,0,Suburban,5.5,3.0,783000,1
2610,3,3.0,23,3.0,2220.0,2,3,4,9.0,0,1,Suburban,22.81,22.0,837000,0
4475,6,1.5,23,2.0,6818.0,1,2,5,3.0,0,1,Urban,49.98,84.0,935000,0
1881,5,2.0,41,1.0,9192.0,1,7,8,3.0,0,1,Rural,41.93,113.0,677000,0
2774,3,2.5,3,1.0,6623.0,3,8,8,6.0,0,0,Downtown,44.78,97.0,964000,0
2169,4,1.0,2,1.0,9349.0,1,1,6,5.0,0,1,Urban,41.34,2.0,501000,1
1540,4,2.0,33,1.0,7618.0,1,10,1,6.0,0,1,Suburban,6.05,7.0,649000,1
4345,1,2.5,48,3.0,13080.0,1,9,8,7.0,0,0,Suburban,12.14,115.0,1263000,0
916,5,3.0,22,2.0,11856.0,2,4,8,3.0,0,0,Urban,1.15,6.0,601000,1
2653,5,2.0,22,2.0,,2,4,2,5.0,1,0,Suburban,15.87,4.0,787000,1
3638,3,3.0,44,3.0,14178.0,2,3,4,8.0,0,0,Suburban,6.32,1.0,760000,1
1950,3,3.5,4,1.0,6576.0,1,6,2,4.0,0,0,Urban,24.17,3.0,616000,1
4264,3,3.0,30,2.0,13169.0,2,1,4,10.0,1,0,Downtown,34.18,84.0,901000,0
2731,3,1.5,40,3.0,3871.0,1,6,10,2.0,0,0,Suburban,43.85,7.0,753000,1
1812,1,2.5,5,1.0,9915.0,1,2,7,4.0,0,0,Suburban,37.71,7.0,467000,1
2464,5,2.0,36,2.0,3462.0,2,9,9,2.0,1,0,Rural,46.99,174.0,737000,0
1881,1,4.0,9,1.0,7521.0,1,2,8,3.0,1,1,Urban,3.64,174.0,492000,0
1433,3,2.0,39,1.0,10536.0,2,7,9,4.0,0,1,Suburban,1.6,7.0,733000,1
1312,5,1.5,6,,10236.0,3,1,8,4.0,0,0,Suburban,33.41,37.0,481000,0
3649,4,2.5,38,2.0,9813.0,1,7,2,10.0,0,0,Suburban,15.18,112.0,959000,0
1919,3,2.0,37,2.0,,2,5,7,9.0,1,0,Suburban,13.42,,680000,1
1941,3,4.0,20,3.0,7753.0,2,8,2,10.0,0,1,Urban,17.21,160.0,711000,0
1359,1,4.0,19,2.0,9237.0,3,4,2,6.0,0,1,Urban,14.22,20.0,484000,0
4472,4,2.5,2,3.0,9016.0,1,10,4,9.0,1,1,Urban,26.06,135.0,1150000,0
1287,1,1.5,50,2.0,8191.0,2,7,1,4.0,0,0,Downtown,22.57,177.0,423000,0
4108,3,2.5,21,1.0,3514.0,1,6,5,9.0,1,1,Urban,26.11,7.0,1061000,1
1696,6,1.0,46,2.0,4598.0,2,5,6,9.0,0,0,Urban,33.96,5.0,555000,1
4143,2,1.0,3,1.0,3001.0,1,4,9,6.0,0,1,Downtown,19.97,87.0,1124000,0
2012,5,3.0,27,2.0,,2,7,10,5.0,0,0,Suburban,13.31,5.0,837000,1
1503,6,1.5,11,3.0,12232.0,1,5,8,3.0,1,1,Suburban,9.14,4.0,798000,1
2270,2,2.0,37,1.0,8899.0,1,5,2,5.0,0,0,Urban,18.12,7.0,578000,1
1380,5,4.0,50,2.0,10465.0,2,1,1,3.0,0,1,Suburban,37.35,39.0,494000,0
3637,3,2.0,35,2.0,7051.0,2,2,2,5.0,0,1,Urban,38.08,156.0,752000,0
3708,5,2.0,46,2.0,12839.0,2,5,7,5.0,1,0,Suburban,33.68,1.0,954000,1
3094,4,3.5,40,1.0,11971.0,2,3,4,2.0,1,0,Downtown,12.47,34.0,783000,0
3947,4,1.5,4,1.0,6476.0,1,2,10,9.0,0,1,Suburban,29.82,158.0,1021000,0
953,3,3.0,12,0.0,2478.0,2,4,5,7.0,0,0,Urban,28.96,2.0,452000,1
2479,5,4.0,22,1.0,2515.0,2,4,7,6.0,1,0,Suburban,24.73,3.0,717000,1
4306,4,3.5,49,0.0,14478.0,1,4,3,5.0,0,0,Suburban,27.95,4.0,856000,1
1796,3,2.5,29,2.0,3191.0,2,4,10,4.0,0,0,Suburban,25.1,73.0,632000,0
3957,5,2.0,36,1.0,12860.0,2,3,2,8.0,0,0,Suburban,28.71,140.0,946000,0
3544,3,2.0,24,3.0,8297.0,2,7,7,2.0,1,0,Suburban,36.06,144.0,918000,0
4156,2,3.0,47,2.0,11603.0,2,9,5,8.0,0,0,Suburban,6.37,155.0,908000,0
2043,2,3.0,26,2.0,13472.0,2,5,1,1.0,0,0,Downtown,37.73,117.0,564000,0
1892,3,2.0,50,2.0,2271.0,1,4,1,10.0,0,1,Rural,7.66,1.0,591000,1
3918,3,1.5,13,2.0,10334.0,1,2,9,1.0,0,1,Urban,4.26,4.0,1076000,1
1808,5,1.5,47,3.0,9778.0,2,2,5,3.0,0,1,Suburban,48.83,,473000,1
2941,2,1.0,46,0.0,8008.0,1,5,1,5.0,0,0,Urban,47.89,79.0,571000,0
2573,4,2.5,35,1.0,9987.0,1,7,7,6.0,0,1,Rural,3.96,105.0,795000,0
1757,2,2.0,38,2.0,,2,10,9,4.0,0,0,Urban,22.72,80.0,802000,0
3859,5,3.5,15,0.0,2787.0,2,10,1,7.0,0,0,Suburban,10.13,78.0,1020000,0
1252,6,2.5,21,0.0,8222.0,1,9,10,7.0,1,1,Rural,24.78,37.0,685000,0
2027,3,1.5,20,1.0,11873.0,2,7,4,2.0,1,1,Urban,41.68,132.0,740000,0
3759,5,2.5,20,0.0,2622.0,2,5,3,2.0,1,1,Rural,47.58,23.0,835000,0
3065,1,2.0,7,2.0,5841.0,1,10,5,2.0,0,1,Suburban,32.08,140.0,778000,0
3321,4,2.5,48,1.0,,2,10,7,2.0,0,0,Suburban,18.34,2.0,831000,1
3279,3,2.5,15,3.0,4572.0,2,10,8,9.0,0,0,Suburban,30.56,54.0,1207000,0
3188,5,3.0,30,2.0,8915.0,2,6,2,5.0,1,1,Downtown,16.29,108.0,953000,0
1350,1,3.0,41,2.0,7033.0,2,3,7,8.0,1,0,Urban,45.58,114.0,501000,0
2435,4,2.0,9,2.0,9788.0,1,5,1,,1,0,Suburban,43.65,133.0,688000,0
2112,4,1.0,31,3.0,13452.0,2,8,7,5.0,0,1,Suburban,28.35,29.0,835000,0
4125,3,2.5,33,1.0,7214.0,1,1,8,1.0,0,1,Downtown,16.92,90.0,865000,0
2557,2,1.5,8,3.0,6712.0,3,1,2,6.0,0,0,Suburban,15.38,,654000,1
1156,2,2.0,16,2.0,2066.0,2,7,9,4.0,0,1,Suburban,2.64,3.0,615000,1
2870,3,1.0,10,2.0,14478.0,2,5,1,,0,1,Downtown,40.98,65.0,829000,0
2585,4,2.5,31,2.0,9533.0,1,5,6,6.0,1,1,Rural,23.07,5.0,811000,1
3369,2,1.5,9,1.0,6616.0,1,1,1,2.0,0,0,Suburban,16.93,169.0,579000,0
2581,3,2.5,21,2.0,3140.0,1,9,3,8.0,0,0,Urban,24.08,52.0,748000,0
3971,1,4.0,16,2.0,12506.0,2,1,6,1.0,0,0,Suburban,41.12,2.0,657000,1
3649,4,1.0,3,0.0,7730.0,1,5,3,9.0,1,0,Suburban,7.11,9.0,1111000,0
4051,2,1.0,47,2.0,12724.0,2,10,8,8.0,0,0,Suburban,43.03,22.0,1156000,0
4094,3,2.0,46,1.0,13772.0,1,9,5,1.0,0,0,Suburban,44.98,172.0,877000,0
3609,1,3.0,24,1.0,9465.0,3,4,2,10.0,1,0,Urban,47.39,4.0,832000,1
3289,3,1.5,20,1.0,11379.0,1,8,4,9.0,0,1,Suburban,20.48,103.0,880000,0
2431,4,2.0,36,0.0,6471.0,3,6,9,2.0,0,0,Urban,11.64,2.0,827000,1
3616,3,1.0,37,2.0,14940.0,3,3,4,3.0,0,1,Urban,19.31,,732000,1
1815,2,3.0,48,1.0,5339.0,2,4,10,2.0,0,1,Suburban,17.31,30.0,578000,0
2148,4,2.0,0,3.0,2548.0,2,2,10,8.0,1,0,Rural,9.63,4.0,740000,1
1315,4,3.0,24,2.0,9675.0,2,1,8,2.0,1,1,Suburban,30.76,5.0,575000,1
3887,2,3.5,50,1.0,14279.0,2,8,5,10.0,0,0,Urban,24.35,2.0,997000,1
3639,4,1.5,35,2.0,10264.0,1,1,10,2.0,0,0,Urban,43.42,48.0,639000,0
1135,5,3.0,16,3.0,,1,1,1,1.0,0,1,Suburban,2.57,4.0,403000,1
2582,2,1.0,40,2.0,13393.0,2,4,7,7.0,0,0,Rural,32.55,6.0,632000,1
3105,4,3.0,23,0.0,11973.0,2,10,3,2.0,0,1,Suburban,38.38,32.0,912000,0
1296,4,2.5,1,3.0,2571.0,2,10,10,10.0,0,0,Urban,38.21,2.0,889000,1
1695,3,3.0,39,2.0,2790.0,1,6,8,5.0,0,1,Suburban,44.42,44.0,497000,0
3007,2,1.0,14,1.0,11830.0,1,9,3,5.0,1,0,Rural,36.72,47.0,791000,0
4346,2,1.5,31,0.0,12023.0,1,1,1,3.0,0,1,Urban,46.46,92.0,728000,0
1651,5,2.0,38,2.0,12047.0,1,7,5,3.0,0,0,Suburban,17.3,53.0,612000,0
2487,6,2.0,5,1.0,3174.0,1,10,2,3.0,0,1,Suburban,25.66,109.0,890000,0
2731,4,1.5,0,2.0,13932.0,1,5,4,6.0,1,1,Urban,1.69,105.0,873000,0
3537,3,2.0,46,1.0,13469.0,1,8,1,4.0,0,0,Urban,1.34,,910000,1
3227,4,1.5,22,3.0,2178.0,2,7,9,3.0,0,1,Suburban,12.77,7.0,878000,1
2368,4,2.0,38,2.0,4244.0,1,4,6,2.0,0,0,Urban,5.94,4.0,643000,1
1756,3,3.0,16,1.0,6086.0,2,4,8,3.0,1,1,Urban,13.75,76.0,707000,0
3538,2,2.0,33,1.0,2734.0,1,6,4,,0,0,Suburban,9.68,1.0,738000,1
4298,4,1.0,40,2.0,8232.0,2,6,9,,1,1,Urban,2.4,2.0,1206000,1
2436,3,2.0,28,2.0,2798.0,2,9,2,4.0,1,1,Suburban,45.56,7.0,777000,1
2091,4,1.0,8,2.0,9601.0,1,5,9,8.0,1,0,Urban,1.4,6.0,872000,1
4448,3,3.5,12,1.0,10979.0,2,8,5,3.0,0,0,Suburban,37.07,55.0,1056000,0
2240,1,1.5,5,1.0,4795.0,1,5,6,3.0,0,0,Rural,8.46,5.0,645000,1
1991,2,2.5,5,0.0,14496.0,2,2,3,3.0,0,1,Suburban,45.7,3.0,540000,1
1866,3,4.0,19,2.0,6588.0,1,6,4,8.0,1,0,Suburban,44.75,6.0,670000,1
4427,5,3.0,2,0.0,9297.0,3,9,6,4.0,0,0,Urban,33.04,2.0,1177000,1
1084,2,2.5,16,2.0,5084.0,2,3,7,1.0,0,1,Suburban,33.94,38.0,467000,0
3244,5,3.0,48,2.0,13110.0,1,1,1,2.0,0,0,Urban,1.26,3.0,609000,1
811,3,4.0,11,3.0,2731.0,2,1,7,10.0,0,1,Urban,49.26,2.0,523000,1
2430,4,2.5,47,1.0,3129.0,1,3,1,2.0,0,0,Suburban,44.01,32.0,400000,0
4173,3,2.5,46,1.0,13638.0,2,10,5,3.0,0,0,Downtown,44.86,15.0,959000,0
4124,4,2.5,44,2.0,3605.0,2,5,6,6.0,0,1,Suburban,33.3,1.0,951000,1
3346,4,2.0,0,2.0,13970.0,2,3,2,8.0,1,0,Urban,17.89,142.0,939000,0
1553,3,2.5,16,1.0,12937.0,1,9,10,1.0,0,0,Rural,44.79,6.0,778000,1
2882,2,2.0,2,3.0,13362.0,2,8,9,9.0,0,1,Urban,15.28,2.0,828000,1
3574,5,1.5,25,2.0,14881.0,2,3,10,1.0,0,0,Rural,28.57,26.0,845000,0
3696,6,1.5,14,1.0,4933.0,1,9,6,10.0,0,1,Suburban,5.89,152.0,858000,0
889,1,1.0,35,1.0,11407.0,1,6,7,2.0,1,1,Suburban,46.18,2.0,456000,1
1575,4,2.0,31,2.0,10516.0,1,7,10,3.0,0,0,Suburban,7.9,118.0,691000,0
3452,5,1.0,31,2.0,7074.0,3,4,8,7.0,0,0,Downtown,12.02,18.0,1046000,0
3817,5,2.5,3,0.0,12042.0,1,4,10,9.0,0,1,Rural,28.35,48.0,1034000,0
2425,6,2.0,17,2.0,9099.0,2,2,1,3.0,1,0,Suburban,38.44,121.0,716000,0
3869,4,3.0,48,2.0,3490.0,1,5,8,8.0,0,0,Suburban,31.35,6.0,968000,1
1217,3,1.0,18,1.0,2893.0,1,8,4,9.0,1,1,Suburban,12.37,82.0,599000,0
914,3,1.5,42,2.0,3390.0,2,7,10,10.0,0,0,Suburban,1.05,1.0,497000,1
1416,3,2.5,34,3.0,5389.0,3,7,8,7.0,0,1,Rural,38.1,175.0,690000,0
4067,4,2.5,39,0.0,6239.0,2,6,6,4.0,0,0,Urban,49.28,5.0,762000,1
1625,4,1.0,13,1.0,6479.0,2,3,9,4.0,1,0,Suburban,40.69,4.0,644000,1
4372,3,3.0,32,2.0,4263.0,2,5,4,4.0,0,0,Downtown,23.55,157.0,938000,0
2449,5,3.0,13,3.0,5432.0,1,1,2,6.0,1,1,Downtown,45.28,7.0,754000,1
2316,4,2.0,33,3.0,4371.0,1,7,2,4.0,0,1,Urban,21.08,172.0,680000,0
3946,4,2.0,3,2.0,13278.0,2,9,5,5.0,0,1,Urban,26.72,18.0,1156000,0
1212,3,4.0,23,,6312.0,3,1,10,,0,0,Downtown,24.38,3.0,541000,1
4247,3,2.5,28,2.0,3515.0,2,2,9,7.0,1,0,Suburban,22.93,6.0,961000,1
4291,2,2.0,18,2.0,8326.0,1,3,3,8.0,0,0,Suburban,38.98,3.0,858000,1
1528,3,3.0,5,1.0,9088.0,1,3,8,5.0,1,0,Urban,26.81,6.0,609000,1
4148,2,2.0,32,1.0,7586.0,1,8,4,5.0,1,0,Rural,16.52,4.0,907000,1
3868,2,2.0,48,1.0,4917.0,3,7,6,7.0,1,1,Urban,13.65,7.0,874000,1
3608,3,2.0,39,2.0,7731.0,2,6,10,8.0,0,0,Urban,2.85,4.0,1092000,1
1475,3,3.0,18,0.0,9686.0,2,10,6,9.0,0,1,Urban,29.58,18.0,790000,0
4265,1,2.5,0,3.0,12544.0,1,10,3,2.0,1,0,Downtown,12.27,146.0,1149000,0
2692,4,2.5,4,1.0,3167.0,2,4,5,3.0,0,1,Suburban,8.26,1.0,874000,1
3304,3,2.0,26,1.0,10302.0,2,9,3,2.0,0,0,Rural,33.04,92.0,842000,0
3767,5,1.5,15,2.0,7109.0,1,1,1,10.0,0,0,Suburban,34.38,4.0,913000,1
3039,6,2.0,5,2.0,6327.0,2,2,7,7.0,0,0,Downtown,37.86,1.0,816000,1
3586,2,2.5,39,0.0,7810.0,1,4,4,2.0,0,0,Rural,25.68,55.0,650000,0
1922,3,2.0,12,1.0,5655.0,1,3,7,2.0,0,0,Rural,44.81,6.0,615000,1
2371,1,1.0,47,3.0,5793.0,2,1,3,2.0,0,0,Downtown,46.88,1.0,500000,1
1777,4,3.0,34,1.0,11947.0,2,5,5,4.0,0,0,Suburban,40.56,1.0,581000,1
1808,4,1.0,18,1.0,8738.0,2,7,5,1.0,0,1,Suburban,32.14,169.0,687000,0
2943,3,3.5,11,2.0,3577.0,2,2,2,2.0,0,1,Downtown,15.88,144.0,672000,0
2487,4,1.0,15,0.0,11488.0,1,5,10,3.0,0,1,Rural,49.16,84.0,785000,0
3510,3,2.5,42,2.0,13966.0,2,6,2,7.0,0,0,Suburban,14.43,1.0,677000,1
4061,2,1.0,9,1.0,4220.0,2,7,4,10.0,0,1,Urban,10.93,44.0,919000,0
836,4,3.5,24,1.0,11164.0,2,1,4,1.0,0,0,Suburban,22.67,1.0,382000,1
4240,3,2.0,19,1.0,3030.0,2,7,4,6.0,0,0,Suburban,3.79,176.0,976000,0
2348,4,1.5,30,0.0,,1,4,6,3.0,1,0,Urban,48.95,4.0,647000,1
3126,3,2.0,3,1.0,8691.0,1,8,2,3.0,0,0,Rural,29.83,54.0,715000,0
3064,6,1.5,43,0.0,5992.0,2,4,6,4.0,1,0,Suburban,28.29,3.0,903000,1
3714,2,1.5,22,2.0,14805.0,1,6,7,4.0,0,0,Suburban,33.13,149.0,1030000,0
1672,3,3.5,1,1.0,2913.0,2,9,10,7.0,0,0,Suburban,25.35,55.0,741000,0
2621,4,2.0,21,2.0,8358.0,1,5,3,3.0,0,1,Suburban,2.57,2.0,719000,1
2096,3,3.0,50,3.0,4181.0,1,4,8,8.0,0,1,Urban,31.0,7.0,727000,1
2909,6,2.5,36,2.0,5197.0,1,8,2,8.0,0,1,Suburban,36.09,3.0,1032000,1
1395,4,2.5,7,0.0,8040.0,3,9,8,7.0,0,1,Urban,21.42,53.0,814000,0
2703,4,1.5,6,3.0,,1,4,5,2.0,0,0,Urban,38.11,5.0,846000,1
1528,4,1.5,13,1.0,12570.0,2,3,2,,0,1,Urban,12.12,143.0,502000,0
2165,6,3.0,2,1.0,13646.0,2,8,7,6.0,0,1,Urban,11.84,5.0,828000,1
1196,5,4.0,49,2.0,9037.0,1,5,2,10.0,1,0,Suburban,8.91,3.0,511000,1
1498,4,2.0,15,2.0,13745.0,2,2,6,4.0,0,0,Suburban,19.23,1.0,572000,1
3890,4,2.0,18,2.0,11499.0,2,10,10,10.0,0,1,Downtown,42.5,8.0,1206000,0
3024,2,2.0,50,1.0,6994.0,2,9,3,5.0,0,0,Suburban,41.57,41.0,759000,0
2435,2,4.0,17,2.0,11381.0,2,3,9,9.0,0,1,Suburban,19.76,5.0,856000,1
1195,4,2.0,15,1.0,7308.0,1,2,3,7.0,1,0,Suburban,29.87,7.0,509000,1
3292,1,2.0,7,,8221.0,1,1,3,2.0,0,0,Rural,36.32,3.0,570000,1
4104,3,3.0,32,,9090.0,3,8,5,1.0,0,0,Suburban,12.82,17.0,944000,0
875,3,1.0,48,3.0,9769.0,1,3,7,2.0,1,0,Suburban,9.24,145.0,462000,0
1064,3,1.0,11,2.0,2687.0,2,7,8,3.0,0,1,Urban,48.63,5.0,518000,1
3302,4,2.5,10,2.0,6661.0,2,1,7,2.0,0,1,Suburban,31.26,7.0,721000,1
2619,5,3.5,4,2.0,11399.0,1,1,9,3.0,1,0,Suburban,49.09,3.0,816000,1
1517,2,1.5,26,2.0,3894.0,2,9,5,10.0,0,0,Suburban,17.55,1.0,578000,1
3582,3,2.0,11,1.0,9389.0,1,8,10,9.0,0,1,Rural,35.45,159.0,1007000,0
4255,5,2.0,16,1.0,6922.0,1,3,3,4.0,0,1,Urban,11.91,102.0,969000,0
4435,2,2.0,5,1.0,8322.0,1,6,6,9.0,0,0,Urban,13.8,118.0,996000,0
1650,4,2.5,32,3.0,12003.0,2,3,5,3.0,0,0,Suburban,26.08,112.0,606000,0
4377,3,2.0,4,2.0,5183.0,1,4,4,1.0,1,1,Rural,16.66,2.0,940000,1
2190,3,2.0,27,2.0,5797.0,2,1,2,5.0,0,1,Suburban,9.21,6.0,641000,1
943,6,2.0,13,1.0,7178.0,3,5,7,10.0,1,0,Suburban,13.88,170.0,625000,0
1684,3,2.5,4,1.0,11836.0,2,1,5,10.0,1,0,Urban,2.75,3.0,660000,1
3940,4,2.0,32,2.0,5968.0,2,1,4,2.0,0,1,Suburban,35.52,3.0,862000,1
3970,4,3.0,49,2.0,4716.0,2,10,8,4.0,0,1,Rural,25.11,96.0,1011000,0
1195,1,1.0,47,2.0,2190.0,1,7,9,2.0,0,0,Rural,5.62,13.0,379000,0
3896,4,3.0,40,3.0,3335.0,2,6,9,2.0,1,0,Urban,9.41,117.0,1045000,0
3795,6,3.0,18,1.0,10181.0,2,2,3,3.0,1,1,Suburban,6.02,119.0,939000,0
3738,2,2.0,21,2.0,14995.0,3,2,3,5.0,0,0,Suburban,31.02,164.0,878000,0
2292,5,2.0,4,2.0,13298.0,3,7,5,4.0,0,0,Urban,5.62,3.0,821000,1
4355,4,2.0,1,1.0,2378.0,2,1,5,2.0,0,0,Suburban,37.96,,814000,0
4436,4,1.5,29,1.0,14674.0,2,2,10,10.0,1,0,Suburban,2.01,5.0,1304000,1
4022,4,2.0,46,0.0,5829.0,2,8,2,2.0,0,1,Urban,13.22,143.0,793000,0
1967,3,1.0,38,3.0,8380.0,2,6,1,6.0,0,0,Rural,44.64,70.0,634000,0
3416,5,2.0,3,2.0,2615.0,2,2,8,7.0,1,1,Urban,36.21,2.0,853000,1
1862,5,3.0,32,2.0,4330.0,1,7,3,10.0,0,0,Downtown,4.58,2.0,676000,1
2956,4,2.0,12,3.0,3754.0,3,4,1,6.0,0,0,Rural,41.24,,726000,0
1865,4,3.0,19,2.0,2463.0,2,2,1,7.0,0,0,Suburban,25.16,25.0,479000,0
2009,4,2.0,6,1.0,11158.0,2,6,2,1.0,0,1,Urban,42.49,84.0,685000,0
3782,3,3.0,14,2.0,6267.0,2,9,6,6.0,0,1,Downtown,30.44,5.0,1209000,1
3245,4,2.5,22,2.0,5158.0,3,9,6,3.0,1,0,Rural,34.41,6.0,1009000,1
4094,4,1.0,13,2.0,5624.0,1,8,3,1.0,0,1,Urban,49.68,7.0,978000,1
1433,4,2.5,22,2.0,6938.0,2,3,4,8.0,0,1,Suburban,12.38,124.0,517000,0
1956,4,1.0,18,2.0,7417.0,2,3,2,4.0,0,1,Urban,31.57,1.0,600000,1
4034,3,2.0,28,1.0,8004.0,1,2,2,,0,0,Downtown,23.56,21.0,1013000,0
2038,1,3.5,19,2.0,10881.0,2,5,7,8.0,0,1,Rural,2.93,6.0,716000,1
1532,2,1.5,28,0.0,12814.0,2,4,1,10.0,1,0,Downtown,1.71,7.0,532000,1
1034,3,2.0,23,1.0,7603.0,2,7,7,4.0,1,0,Rural,6.84,141.0,550000,0
3505,4,2.5,17,1.0,4212.0,1,4,1,4.0,0,1,Suburban,32.81,5.0,747000,1
1550,4,3.0,9,0.0,8120.0,2,9,6,10.0,0,0,Urban,28.79,139.0,524000,0
3435,4,2.5,40,1.0,7818.0,2,2,3,4.0,0,0,Urban,28.12,146.0,747000,0
3880,3,2.0,7,2.0,,2,6,8,6.0,1,0,Urban,2.56,1.0,946000,1
3945,4,2.5,25,3.0,4256.0,1,7,6,9.0,0,1,Suburban,24.0,3.0,884000,1
1753,3,2.0,28,1.0,14002.0,3,4,2,5.0,1,1,Downtown,46.31,2.0,649000,1
3339,3,2.5,9,1.0,13695.0,2,6,8,10.0,0,0,Downtown,20.48,18.0,865000,0
3760,4,3.5,16,1.0,3412.0,2,7,5,8.0,1,1,Urban,31.62,106.0,997000,0
4124,5,2.5,1,1.0,11775.0,2,4,8,8.0,1,0,Suburban,39.21,15.0,1228000,0
4101,3,3.0,5,0.0,8146.0,1,8,8,4.0,1,0,Suburban,39.41,4.0,904000,1
2342,1,1.0,4,3.0,2371.0,2,9,6,10.0,0,1,Suburban,26.44,,714000,0
1997,2,2.5,27,1.0,7806.0,2,1,2,9.0,0,0,Suburban,43.04,72.0,495000,0
2476,1,3.0,40,2.0,7565.0,2,7,8,9.0,0,0,Suburban,20.18,100.0,866000,0
1991,4,1.0,4,0.0,10802.0,2,9,6,5.0,1,0,Downtown,44.55,4.0,644000,1
3017,3,3.0,17,3.0,10307.0,2,10,6,6.0,0,1,Suburban,12.77,7.0,1067000,1
2216,3,2.0,25,2.0,9437.0,1,5,8,5.0,1,0,Rural,14.73,7.0,774000,1
3793,3,2.5,19,3.0,2446.0,2,2,1,3.0,1,1,Urban,3.6,5.0,685000,1
3642,2,3.0,40,2.0,3391.0,1,10,2,8.0,0,1,Urban,39.98,2.0,1024000,1
3481,3,2.5,48,1.0,13516.0,1,6,9,9.0,1,0,Suburban,21.44,80.0,1037000,0
2017,3,1.0,26,1.0,3340.0,3,7,8,4.0,0,1,Rural,12.23,152.0,685000,0
2340,3,2.5,48,2.0,14702.0,2,2,7,9.0,0,0,Downtown,12.36,1.0,762000,1
2876,3,2.0,11,1.0,4939.0,2,2,7,9.0,0,0,Suburban,45.17,6.0,786000,1
4036,4,3.5,6,,13891.0,2,10,5,7.0,0,1,Rural,41.86,1.0,1194000,1
2245,2,2.0,2,0.0,7969.0,3,10,2,8.0,1,1,Suburban,28.12,2.0,805000,1
3186,6,2.0,9,0.0,11265.0,2,1,6,3.0,0,0,Urban,31.19,30.0,670000,0
2319,3,2.5,33,2.0,,2,4,10,5.0,0,0,Suburban,24.24,6.0,691000,1
2188,4,2.0,24,2.0,5569.0,1,7,3,3.0,0,0,Rural,20.19,6.0,706000,1
2656,4,2.5,34,2.0,7454.0,3,9,4,7.0,1,0,Urban,45.86,2.0,842000,1
2165,4,2.5,15,1.0,5150.0,2,3,10,6.0,0,0,Suburban,7.16,119.0,534000,0
1299,4,3.0,1,2.0,11797.0,2,7,2,3.0,1,0,Suburban,21.5,1.0,733000,1
2480,3,2.5,23,1.0,,1,7,2,9.0,0,1,Urban,17.88,6.0,783000,1
1310,3,2.0,9,0.0,6657.0,1,7,8,1.0,0,0,Downtown,25.41,3.0,517000,1
4198,3,1.5,37,2.0,8947.0,1,2,8,10.0,0,0,Suburban,23.42,67.0,1003000,0
1016,4,1.5,21,1.0,12486.0,1,6,10,3.0,0,1,Urban,26.43,59.0,661000,0
2124,1,1.5,25,1.0,9943.0,2,2,6,10.0,1,1,Urban,7.86,2.0,476000,1
1955,3,1.5,42,1.0,5662.0,1,6,5,7.0,0,0,Downtown,26.14,147.0,612000,0
2627,4,2.5,38,1.0,6482.0,1,10,8,3.0,1,0,Suburban,12.88,3.0,746000,1
3941,4,2.5,26,0.0,6797.0,1,3,4,3.0,0,1,Suburban,10.03,79.0,893000,0
4123,4,2.0,28,0.0,7068.0,1,2,4,2.0,0,0,Urban,4.18,3.0,823000,1
4286,4,3.0,46,1.0,7480.0,1,6,5,9.0,1,0,Rural,38.37,2.0,1075000,1
2610,6,4.0,37,0.0,10033.0,2,2,1,4.0,1,1,Suburban,21.94,2.0,655000,1
3292,3,3.0,19,2.0,2983.0,2,5,1,10.0,0,0,Suburban,31.71,67.0,662000,0
3723,3,2.5,26,1.0,7607.0,1,2,2,6.0,0,0,Downtown,36.65,1.0,715000,1
2005,3,2.0,40,1.0,10543.0,2,3,8,2.0,0,0,Urban,34.29,4.0,572000,1
3014,3,2.0,19,1.0,11916.0,2,3,7,9.0,0,0,Suburban,24.05,84.0,876000,0
890,4,1.0,43,2.0,12143.0,1,6,10,7.0,1,0,Urban,20.01,3.0,510000,1
1513,3,2.0,18,3.0,11471.0,2,6,9,10.0,1,1,Suburban,19.42,2.0,862000,1
2681,4,3.5,19,2.0,3907.0,2,10,5,5.0,0,0,Urban,32.36,5.0,816000,1
4402,3,3.0,34,2.0,8924.0,2,3,2,7.0,1,0,Downtown,25.24,168.0,1001000,0
838,4,1.5,46,2.0,,2,3,7,4.0,0,0,Suburban,42.61,5.0,375000,1
3997,4,2.0,1,2.0,10737.0,1,1,8,10.0,0,1,Suburban,43.86,4.0,979000,1
4322,3,3.0,29,2.0,6174.0,3,7,7,7.0,0,0,Rural,9.36,47.0,1191000,0
972,3,1.0,33,1.0,12573.0,2,8,7,2.0,0,0,Downtown,7.68,3.0,478000,1
1452,3,2.0,21,1.0,11080.0,3,2,5,7.0,0,1,Suburban,31.89,2.0,494000,1
1553,2,3.0,2,1.0,9265.0,1,4,2,4.0,0,0,Suburban,15.76,99.0,523000,0
2043,3,2.0,5,3.0,11297.0,3,10,6,4.0,0,0,Urban,1.91,95.0,1078000,0
1881,2,1.0,14,2.0,12741.0,2,7,4,1.0,0,0,Urban,44.54,148.0,562000,0
2483,3,2.0,26,2.0,3990.0,2,8,10,3.0,1,0,Suburban,12.12,92.0,1011000,0
3323,4,3.0,9,1.0,7596.0,1,1,2,5.0,0,0,Urban,46.53,1.0,831000,1
1255,4,2.5,8,2.0,5998.0,2,4,9,5.0,0,1,Suburban,36.15,6.0,584000,1
1628,4,1.5,32,1.0,5775.0,3,6,7,2.0,1,0,Urban,38.37,20.0,583000,0
1694,2,2.0,31,1.0,13004.0,2,3,6,4.0,1,0,Suburban,10.87,6.0,528000,1
2184,4,2.0,47,2.0,11112.0,2,5,5,1.0,1,0,Suburban,12.48,30.0,668000,0
2758,3,2.5,5,,6645.0,3,10,3,9.0,0,0,Urban,26.54,117.0,795000,0
3872,3,3.0,40,1.0,4061.0,2,9,10,1.0,0,0,Urban,9.43,4.0,988000,1
3234,5,1.0,35,2.0,6487.0,2,3,10,6.0,0,1,Suburban,15.97,1.0,988000,1
2796,1,3.0,1,1.0,13831.0,2,5,4,7.0,0,0,Suburban,16.75,3.0,744000,1
3195,4,1.0,28,3.0,13357.0,3,8,3,3.0,1,1,Suburban,8.82,152.0,967000,0
989,4,2.0,3,1.0,6435.0,1,6,8,1.0,0,0,Rural,11.05,5.0,433000,1
1304,3,1.0,0,1.0,4644.0,2,4,3,7.0,0,0,Urban,39.64,41.0,490000,0
2014,3,2.0,18,1.0,3045.0,2,8,7,3.0,0,0,Urban,9.19,119.0,712000,0
2331,3,2.0,25,1.0,13748.0,2,3,7,10.0,0,0,Urban,2.39,145.0,727000,0
4240,5,2.0,24,1.0,9951.0,2,3,7,6.0,1,0,Suburban,31.84,6.0,973000,1
4280,3,1.5,9,2.0,8449.0,3,4,7,6.0,0,0,Suburban,48.82,156.0,959000,0
1623,3,2.5,14,3.0,4681.0,3,9,2,,0,1,Urban,17.23,5.0,752000,1
1728,3,1.0,21,2.0,5199.0,1,5,10,6.0,0,0,Suburban,6.81,5.0,630000,1
1733,4,3.0,50,1.0,8768.0,2,8,3,10.0,0,0,Suburban,28.95,97.0,676000,0
1940,2,3.5,47,2.0,11130.0,1,6,10,4.0,0,0,Downtown,45.41,6.0,653000,1
933,3,2.0,20,1.0,9440.0,1,3,9,8.0,0,0,Suburban,39.42,87.0,501000,0
2905,4,2.0,21,0.0,10633.0,2,8,3,9.0,0,0,Suburban,31.5,37.0,899000,0
4427,5,2.0,35,2.0,4550.0,3,9,2,2.0,1,0,Suburban,16.44,166.0,1119000,0
1484,3,1.0,33,,6225.0,2,8,9,7.0,1,0,Downtown,27.55,140.0,789000,0
3519,3,2.0,29,0.0,2596.0,1,4,10,9.0,1,1,Downtown,5.47,2.0,951000,1
3020,3,3.0,24,0.0,8054.0,1,6,9,9.0,1,1,Suburban,34.27,23.0,1013000,0
2652,4,2.5,44,3.0,3505.0,2,1,4,5.0,0,0,Suburban,36.53,2.0,634000,1
1614,3,1.5,27,0.0,11053.0,2,4,9,1.0,0,0,Suburban,48.29,179.0,408000,0
1972,3,3.0,0,2.0,12832.0,1,8,3,6.0,0,1,Suburban,13.76,5.0,893000,1
879,4,2.0,48,2.0,8468.0,2,1,7,8.0,1,0,Suburban,1.9,7.0,454000,1
3733,4,3.0,44,1.0,9236.0,3,3,7,1.0,1,0,Urban,27.73,85.0,857000,0
4084,3,2.5,3,1.0,13923.0,2,1,8,2.0,1,0,Downtown,35.63,23.0,949000,0
1002,5,2.5,6,1.0,3551.0,2,9,10,1.0,0,0,Suburban,39.73,4.0,586000,1
3611,4,1.5,48,2.0,13428.0,1,2,4,5.0,1,0,Rural,10.49,7.0,843000,1
2052,3,1.5,8,2.0,11928.0,2,9,3,2.0,0,0,Suburban,13.83,22.0,701000,0
2499,1,4.0,35,2.0,8852.0,2,4,3,10.0,0,0,Suburban,26.12,6.0,771000,1
2050,6,1.5,18,3.0,3449.0,1,2,5,10.0,0,0,Suburban,17.2,144.0,636000,0
2482,2,4.0,0,2.0,7953.0,3,4,1,4.0,0,1,Suburban,43.17,7.0,677000,1
2355,3,2.0,9,2.0,10456.0,2,10,10,1.0,0,0,Suburban,24.21,51.0,785000,0
4312,2,1.5,35,2.0,10042.0,2,6,3,7.0,0,0,Suburban,40.18,27.0,984000,0
4273,4,1.0,8,2.0,4659.0,1,7,6,8.0,0,0,Rural,29.45,126.0,1068000,0
2894,3,1.5,44,2.0,9509.0,1,3,3,5.0,0,1,Urban,38.88,6.0,696000,1
2056,2,3.5,45,2.0,,1,3,5,2.0,1,1,Suburban,17.3,130.0,544000,0
4176,2,2.0,41,2.0,9445.0,2,10,9,8.0,0,1,Urban,41.74,7.0,948000,1
2349,2,2.0,31,0.0,4721.0,2,8,2,1.0,0,0,Rural,14.45,87.0,666000,0
1966,4,2.0,31,2.0,11654.0,1,5,2,7.0,1,1,Urban,27.76,3.0,785000,1
4286,4,1.5,5,1.0,14444.0,2,4,6,1.0,1,1,Suburban,11.49,3.0,949000,1
4384,3,2.0,47,1.0,11637.0,2,7,6,6.0,0,0,Urban,24.3,90.0,1186000,0
2196,3,1.5,37,0.0,12490.0,2,7,8,6.0,0,0,Suburban,16.59,38.0,736000,0
4437,4,3.0,16,2.0,4925.0,2,9,2,5.0,0,0,Rural,14.07,1.0,1102000,1
4130,1,2.0,9,2.0,11824.0,3,9,9,,0,1,Urban,48.38,2.0,1058000,1
3503,3,2.0,49,1.0,12566.0,2,5,2,2.0,0,0,Suburban,8.84,5.0,677000,1
1270,6,2.0,26,2.0,9104.0,2,8,1,9.0,1,0,Urban,39.58,75.0,723000,0
3818,4,2.0,49,2.0,8240.0,1,10,10,5.0,0,1,Suburban,49.22,5.0,969000,1
1835,3,4.0,34,1.0,2512.0,1,1,2,5.0,1,1,Suburban,1.98,180.0,473000,0
2153,3,2.0,20,2.0,2215.0,1,9,7,,1,1,Suburban,35.25,2.0,889000,1
3583,3,1.0,24,2.0,9299.0,2,8,8,6.0,1,1,Suburban,13.39,3.0,856000,1
3631,3,2.5,27,,13523.0,1,6,5,2.0,0,0,Suburban,2.98,136.0,775000,0
1767,2,1.5,46,2.0,12364.0,1,3,6,1.0,1,1,Urban,20.74,5.0,547000,1
1157,2,1.0,14,2.0,5153.0,2,3,1,5.0,0,0,Suburban,46.83,113.0,379000,0
3819,2,4.0,3,0.0,9450.0,1,8,6,4.0,0,1,Urban,1.58,8.0,1079000,0
4279,5,3.0,28,1.0,3706.0,1,5,8,3.0,0,0,Rural,29.81,82.0,934000,0
1467,4,4.0,8,0.0,12298.0,1,10,3,2.0,0,1,Rural,25.57,95.0,868000,0
1172,2,2.0,26,3.0,3567.0,2,7,1,10.0,1,1,Urban,43.8,5.0,572000,1
1831,2,2.0,25,1.0,12400.0,1,5,4,2.0,0,1,Urban,5.12,158.0,580000,0
1945,4,1.5,18,1.0,12523.0,2,8,1,4.0,0,0,Urban,34.39,178.0,610000,0
2171,2,1.5,27,3.0,12345.0,2,10,8,,0,0,Downtown,34.33,7.0,806000,1
3523,3,3.0,16,3.0,3128.0,2,10,5,4.0,0,1,Rural,33.78,67.0,1082000,0
889,6,2.0,42,2.0,5510.0,2,4,1,3.0,0,0,Suburban,47.17,1.0,413000,1
3545,3,3.0,40,0.0,14515.0,2,2,8,9.0,1,1,Suburban,41.33,3.0,750000,1
4187,4,2.5,41,0.0,9867.0,1,3,9,7.0,0,0,Urban,3.06,7.0,916000,1
4049,6,1.5,49,1.0,13845.0,1,8,10,3.0,0,1,Suburban,24.08,117.0,1124000,0
1339,3,2.0,19,1.0,4365.0,1,7,2,8.0,0,0,Suburban,20.5,26.0,568000,0
3579,1,2.5,44,0.0,7583.0,1,2,9,,0,1,Suburban,16.2,4.0,795000,1
1668,3,1.5,39,2.0,6897.0,1,6,8,7.0,0,1,Rural,23.12,1.0,672000,1
840,4,3.0,38,3.0,7718.0,1,9,7,6.0,0,0,Suburban,19.83,5.0,553000,1
1539,5,2.0,48,1.0,8001.0,2,4,3,4.0,1,0,Urban,22.18,140.0,604000,0
2746,4,1.5,22,2.0,13113.0,2,9,2,5.0,0,0,Suburban,48.98,79.0,911000,0
3349,2,2.5,46,2.0,6567.0,1,2,7,8.0,0,0,Suburban,5.34,,658000,1
3806,4,4.0,31,1.0,11271.0,2,2,5,3.0,0,0,Downtown,46.19,6.0,729000,1
4016,5,1.5,46,2.0,13703.0,1,9,6,2.0,1,1,Suburban,24.53,78.0,977000,0
2024,4,3.0,32,1.0,4741.0,1,7,4,3.0,0,0,Suburban,31.56,3.0,660000,1
1728,5,1.5,45,1.0,5020.0,2,7,2,7.0,0,0,Suburban,41.68,5.0,496000,1
2836,4,3.0,4,2.0,8256.0,1,1,9,8.0,1,0,Suburban,18.66,1.0,780000,1
3308,4,2.5,42,1.0,2228.0,1,6,3,1.0,0,0,Suburban,22.09,79.0,769000,0
3579,4,2.0,47,3.0,10362.0,2,7,7,7.0,0,0,Downtown,21.07,,966000,0
3599,3,2.0,33,1.0,2294.0,3,6,8,9.0,0,1,Suburban,19.36,81.0,973000,0
1724,2,3.0,39,2.0,6284.0,2,6,2,3.0,0,1,Urban,46.35,7.0,487000,1
3756,4,2.0,10,2.0,10617.0,1,2,6,3.0,0,0,Rural,41.62,80.0,882000,0
2381,3,2.5,49,1.0,8801.0,2,6,8,8.0,0,0,Urban,6.34,1.0,695000,1
4418,5,1.5,2,0.0,2918.0,2,4,7,4.0,0,1,Urban,6.3,4.0,990000,1
4124,6,3.0,32,2.0,13445.0,2,9,3,8.0,0,0,Suburban,21.97,76.0,1158000,0
1189,4,2.5,10,2.0,2498.0,2,1,1,5.0,0,0,Urban,5.83,2.0,409000,1
2417,2,3.5,15,2.0,4809.0,2,8,6,3.0,1,0,Downtown,31.34,69.0,796000,0
3730,3,1.5,17,2.0,6961.0,1,5,8,4.0,1,0,Suburban,8.04,4.0,879000,1
1055,2,2.5,29,2.0,11017.0,2,1,6,4.0,1,1,Suburban,26.6,,442000,1
1508,4,2.5,47,2.0,5779.0,2,4,5,8.0,0,1,Urban,1.35,51.0,587000,0
2638,4,2.0,9,2.0,12050.0,2,1,8,6.0,0,0,Urban,16.51,4.0,632000,1
2744,5,2.0,17,2.0,4118.0,2,6,2,7.0,0,0,Suburban,34.18,7.0,732000,1
3297,3,1.0,37,2.0,8391.0,3,2,1,9.0,0,1,Suburban,24.72,3.0,790000,1
809,5,2.5,18,2.0,2145.0,3,5,1,,1,1,Rural,48.94,6.0,431000,1
3671,5,2.0,35,,9942.0,2,7,4,,0,1,Urban,43.83,3.0,1029000,1
1597,3,1.0,12,2.0,6565.0,2,2,6,3.0,0,1,Suburban,18.59,5.0,594000,1
4113,5,2.5,45,2.0,13769.0,3,6,9,3.0,0,0,Urban,3.23,5.0,936000,1
4122,3,2.0,2,1.0,2192.0,1,6,1,10.0,0,1,Suburban,42.44,53.0,1088000,0
1676,3,1.0,9,0.0,7187.0,1,5,1,2.0,0,1,Suburban,45.65,4.0,474000,1
1828,4,3.5,37,1.0,8637.0,2,5,5,,0,0,Urban,41.21,88.0,579000,0
3990,3,3.5,0,2.0,14080.0,2,3,10,10.0,0,1,Suburban,7.27,3.0,1049000,1
1815,4,2.0,26,2.0,10243.0,2,10,5,1.0,1,0,Urban,49.9,105.0,799000,0
2624,4,1.0,45,1.0,4410.0,2,10,5,4.0,0,0,Suburban,13.67,12.0,820000,0
1173,4,3.0,7,2.0,3820.0,1,2,10,3.0,1,0,Suburban,36.49,7.0,467000,1
3936,3,2.0,50,3.0,4964.0,1,7,6,5.0,1,0,Urban,45.49,4.0,838000,1
2993,3,2.0,45,1.0,4521.0,2,1,8,9.0,0,0,Downtown,12.55,2.0,587000,1
1023,4,2.0,41,3.0,12061.0,1,6,3,8.0,1,0,Suburban,45.5,160.0,555000,0
2062,3,2.0,16,3.0,4568.0,1,6,9,9.0,0,0,Downtown,16.16,3.0,791000,1
3024,3,2.5,8,2.0,7882.0,1,3,1,5.0,1,0,Urban,48.84,2.0,769000,1
2602,1,2.0,5,2.0,3867.0,1,2,4,8.0,0,0,Downtown,14.78,53.0,628000,0
1652,4,2.5,42,3.0,9465.0,2,2,9,4.0,0,0,Urban,47.72,6.0,474000,1
4153,2,3.5,24,2.0,9602.0,1,9,8,5.0,0,1,Suburban,3.62,30.0,1056000,0
862,4,2.0,38,1.0,12930.0,2,5,10,3.0,0,0,Downtown,35.75,169.0,540000,0
2040,4,2.5,48,2.0,13461.0,1,7,9,5.0,1,0,Urban,27.07,101.0,722000,0
3674,3,3.0,27,2.0,5199.0,2,5,1,3.0,0,1,Urban,24.42,121.0,864000,0
3642,3,2.0,32,2.0,12771.0,1,7,9,5.0,0,1,Rural,11.95,41.0,901000,0
1488,6,2.0,36,1.0,8103.0,2,4,3,5.0,0,1,Suburban,35.57,167.0,556000,0
2284,4,2.5,8,2.0,14197.0,2,8,10,6.0,1,0,Suburban,10.35,124.0,891000,0
2433,5,2.5,17,0.0,2240.0,1,10,9,9.0,0,0,Urban,28.09,2.0,944000,1
2952,4,3.0,20,3.0,5440.0,2,10,1,1.0,0,1,Suburban,13.41,16.0,981000,0
3970,2,2.0,1,1.0,6631.0,2,7,1,10.0,0,0,Urban,47.83,46.0,901000,0
1310,2,4.0,42,1.0,11599.0,2,10,9,6.0,1,0,Downtown,2.4,142.0,731000,0
1184,3,1.0,37,2.0,13694.0,1,5,6,1.0,0,0,Suburban,10.79,117.0,458000,0
1204,3,1.0,39,0.0,14230.0,3,6,4,6.0,0,1,Suburban,12.87,7.0,472000,1
3670,3,2.5,35,2.0,10274.0,2,5,7,2.0,0,0,Urban,21.29,143.0,808000,0
1317,3,2.0,49,3.0,7077.0,1,7,5,8.0,1,1,Rural,12.4,7.0,658000,1
1275,3,1.5,42,2.0,5768.0,1,2,10,3.0,0,1,Suburban,25.08,3.0,469000,1
2800,4,2.0,36,1.0,11142.0,2,5,7,10.0,0,0,Rural,43.75,7.0,799000,1
3556,4,2.0,14,1.0,9995.0,2,10,8,6.0,0,1,Urban,35.89,25.0,1036000,0
2468,3,1.0,27,2.0,10802.0,2,3,8,6.0,1,1,Rural,29.42,6.0,819000,1
2693,4,4.0,17,3.0,14861.0,2,9,1,4.0,1,1,Suburban,5.36,1.0,984000,1
3618,3,1.5,33,2.0,8429.0,2,6,8,5.0,0,0,Urban,35.01,89.0,967000,0
2260,5,2.5,21,2.0,5605.0,1,10,6,,0,1,Suburban,9.15,5.0,693000,1
3894,2,3.0,10,1.0,14746.0,1,3,4,10.0,0,0,Urban,39.53,23.0,547000,0
3844,6,3.5,12,3.0,13475.0,2,7,8,10.0,0,1,Suburban,13.25,28.0,1234000,0
4436,4,1.0,3,2.0,4173.0,3,4,3,8.0,0,0,Suburban,21.44,145.0,867000,0
3524,3,3.0,21,1.0,13676.0,1,3,4,10.0,0,0,Suburban,18.17,113.0,840000,0
1513,2,2.0,6,1.0,11714.0,2,8,6,7.0,0,1,Suburban,43.08,3.0,663000,1
4329,3,2.5,42,3.0,8568.0,2,4,7,10.0,1,1,Suburban,7.2,7.0,1277000,1
882,2,2.5,23,0.0,4601.0,2,1,4,6.0,0,0,Urban,28.72,130.0,307000,0
1968,2,3.0,3,1.0,4657.0,2,6,4,7.0,0,0,Rural,7.96,143.0,679000,0
3956,4,2.0,27,2.0,8080.0,2,10,7,1.0,0,0,Downtown,35.53,118.0,1127000,0
3949,3,2.5,14,1.0,9325.0,1,1,6,5.0,0,1,Suburban,45.35,3.0,868000,1
3304,4,2.0,0,0.0,4159.0,3,5,8,7.0,0,1,Urban,22.3,4.0,872000,1
2701,5,3.0,2,2.0,12641.0,2,7,1,1.0,0,1,Suburban,24.92,5.0,935000,1
2848,3,4.0,13,3.0,5830.0,2,6,10,2.0,0,0,Suburban,46.44,2.0,746000,1
850,4,1.5,37,2.0,10313.0,2,2,7,9.0,1,0,Suburban,26.53,47.0,487000,0
1484,2,4.0,49,3.0,6368.0,2,4,7,3.0,1,1,Suburban,24.89,1.0,493000,1
1516,4,1.0,0,2.0,3317.0,1,2,7,6.0,0,1,Urban,29.34,144.0,551000,0
2269,3,1.0,37,2.0,,1,1,7,7.0,0,0,Rural,34.77,4.0,556000,1
1248,6,1.0,37,1.0,12710.0,2,3,10,9.0,0,1,Suburban,6.24,6.0,722000,1
1680,4,2.0,20,2.0,3230.0,1,3,10,5.0,0,0,Urban,41.23,88.0,465000,0
1287,3,2.5,47,3.0,3133.0,1,7,8,4.0,0,0,Urban,22.34,179.0,520000,0
2623,2,1.0,28,1.0,9607.0,2,1,9,2.0,1,0,Suburban,4.55,150.0,707000,0
2881,5,1.0,4,1.0,3301.0,2,9,9,3.0,1,0,Suburban,39.52,77.0,945000,0
4219,4,3.5,48,2.0,14226.0,1,6,2,5.0,1,0,Suburban,19.47,135.0,1033000,0
2942,2,3.0,9,1.0,3910.0,2,4,7,2.0,0,0,Downtown,5.92,133.0,672000,0
3943,3,3.0,27,0.0,10082.0,2,3,7,4.0,1,0,Urban,32.06,68.0,840000,0
2374,4,3.0,20,2.0,10107.0,2,3,4,1.0,1,1,Downtown,44.13,87.0,772000,0
3001,2,2.5,49,3.0,11697.0,2,2,9,4.0,0,0,Suburban,44.5,128.0,709000,0
1049,5,1.5,6,2.0,9970.0,2,2,8,7.0,0,0,Suburban,47.93,7.0,518000,1
1473,3,2.0,2,,13377.0,1,10,1,3.0,1,0,Rural,43.52,6.0,637000,1
1237,2,2.5,44,0.0,3916.0,1,5,2,10.0,0,0,Suburban,1.1,84.0,386000,0
2965,4,2.0,46,3.0,8996.0,2,9,2,8.0,0,1,Suburban,19.63,7.0,999000,1
1570,3,2.5,19,2.0,13740.0,2,2,8,6.0,0,0,Rural,41.11,133.0,586000,0
4177,3,1.0,18,1.0,4757.0,2,2,1,6.0,0,1,Suburban,18.95,29.0,1045000,0
1067,2,2.0,34,2.0,12148.0,2,6,4,1.0,0,1,Suburban,30.48,90.0,441000,0
2784,1,2.0,3,1.0,8464.0,2,10,10,5.0,1,0,Rural,30.71,174.0,1016000,0
1877,4,2.5,4,2.0,2178.0,2,2,5,3.0,0,0,Suburban,18.89,,479000,1
